"team","fatigue_score","arms_tired","arms_rested","high_lev_available","top_arms_detail","fetched_at"
"ARI","0.75","0","5","1","Ryne Nelson (1d rest, avail:0.75) | Juan Morillo (1d rest, avail:0.75) | Kevin Ginkel (1d rest, avail:0.75)","2026-09-29 22:46 UTC"
"ATH","0.75","0","3","1","Geoff Hartlieb (1d rest, avail:0.75) | Seth Johnson (1d rest, avail:0.75) | Drew Rom (1d rest, avail:0.75)","2026-09-29 22:46 UTC"
"ATL","0.875","0","7","1","AJ Smith-Shawver (1d rest, avail:0.75) | Elieser Hernández (1d rest, avail:0.75) | Didier Fuentes (3d rest, avail:1.0)","2026-09-29 22:46 UTC"
"BAL","1.0","0","6","1","Alex Hoppe (3d rest, avail:1.0) | Albert Suárez (3d rest, avail:1.0) | Josh Walker (3d rest, avail:1.0)","2026-09-29 22:46 UTC"
"BOS","0.812","0","5","1","Patrick Sandoval (1d rest, avail:0.75) | Wyatt Olds (1d rest, avail:0.75) | Jovani Morán (1d rest, avail:0.75)","2026-09-29 22:46 UTC"
"CHC","0.75","0","5","1","Braxton Garrett (1d rest, avail:0.75) | Shota Imanaga (1d rest, avail:0.75) | Jacob Webb (1d rest, avail:0.75)","2026-09-29 22:46 UTC"
"CIN","0.812","0","4","1","Luis Mey (1d rest, avail:0.75) | Carson Spiers (1d rest, avail:0.75) | Zach McCambley (1d rest, avail:0.75)","2026-09-29 22:46 UTC"
"CLE","0.938","0","9","1","Austin Peterson (1d rest, avail:0.75) | Shawn Armstrong (2d rest, avail:1.0) | Matt Festa (3d rest, avail:1.0)","2026-09-29 22:46 UTC"
"COL","0.812","0","4","1","Mark Manfredi (1d rest, avail:0.75) | Nick Frasso (1d rest, avail:0.75) | Jaden Hill (1d rest, avail:0.75)","2026-09-29 22:46 UTC"
"CWS","0.875","0","8","1","Sean Newcomb (1d rest, avail:0.75) | Trevor Richards (1d rest, avail:0.75) | Grant Taylor (3d rest, avail:1.0)","2026-09-29 22:46 UTC"
"DET","0.75","0","7","1","River Ryan (1d rest, avail:0.75) | Beau Brieske (1d rest, avail:0.75) | Ty Madden (1d rest, avail:0.75)","2026-09-29 22:46 UTC"
"HOU","0.75","0","4","1","Logan VanWey (1d rest, avail:0.75) | Ethan Pecko (1d rest, avail:0.75) | Tatsuya Imai (1d rest, avail:0.75)","2026-09-29 22:46 UTC"
"KCR","0.75","0","4","1","Nolan Hoffman (1d rest, avail:0.75) | Connor Thomas (1d rest, avail:0.75) | Lucas Erceg (1d rest, avail:0.75)","2026-09-29 22:46 UTC"
"LAA","0.812","0","5","1","Luke Murphy (1d rest, avail:0.75) | Trevor Martin (1d rest, avail:0.75) | Sammy Peralta (1d rest, avail:0.75)","2026-09-29 22:46 UTC"
"LAD","0.75","0","3","1","Roki Sasaki (1d rest, avail:0.75) | Alex Vesia (1d rest, avail:0.75) | Evan Phillips (1d rest, avail:0.75)","2026-09-29 22:46 UTC"
"MIA","0.75","0","5","1","Josh Ekness (1d rest, avail:0.75) | Sandy Alcantara (1d rest, avail:0.75) | Calvin Faucher (1d rest, avail:0.75)","2026-09-29 22:46 UTC"
"MIL","0.812","0","7","1","Chad Patrick (1d rest, avail:0.75) | Shane Drohan (1d rest, avail:0.75) | DL Hall (1d rest, avail:0.75)","2026-09-29 22:46 UTC"
"MIN","0.875","0","5","1","A.J. Minter (1d rest, avail:0.75) | Andrew Morris (1d rest, avail:0.75) | Tommy Nance (3d rest, avail:1.0)","2026-09-29 22:46 UTC"
"NYM","0.875","0","7","1","Cionel Pérez (1d rest, avail:0.75) | Austin Warren (1d rest, avail:0.75) | Jefry Yan (3d rest, avail:1.0)","2026-09-29 22:46 UTC"
"NYY","1.0","0","7","1","Paul Blackburn (3d rest, avail:1.0) | Yerry De los Santos (3d rest, avail:1.0) | David Bednar (3d rest, avail:1.0)","2026-09-29 22:46 UTC"
"PHI","0.812","0","8","1","Jhoan Duran (1d rest, avail:0.75) | Jesús Luzardo (1d rest, avail:0.75) | Alex McFarlane (1d rest, avail:0.75)","2026-09-29 22:46 UTC"
"PIT","0.812","0","8","1","Mason Montgomery (1d rest, avail:0.75) | Lake Bachar (1d rest, avail:0.75) | Antwone Kelly (1d rest, avail:0.75)","2026-09-29 22:46 UTC"
"SDP","0.938","0","8","1","Griffin Canning (1d rest, avail:0.75) | David Morgan (2d rest, avail:1.0) | Wandy Peralta (3d rest, avail:1.0)","2026-09-29 22:46 UTC"
"SEA","0.75","0","5","1","Troy Taylor (1d rest, avail:0.75) | Eduard Bazardo (1d rest, avail:0.75) | Hoby Milner (1d rest, avail:0.75)","2026-09-29 22:46 UTC"
"SFG","0.75","0","1","1","Dylan Smith (1d rest, avail:0.75) | Joel Kuhnel (1d rest, avail:0.75) | Sam Hentges (1d rest, avail:0.75)","2026-09-29 22:46 UTC"
"STL","0.875","0","4","1","Justin Bruihl (1d rest, avail:0.75) | Hancel Rincon (1d rest, avail:0.75) | Cade Winquest (2d rest, avail:1.0)","2026-09-29 22:46 UTC"
"TBR","0.75","0","7","1","Manuel Rodríguez (1d rest, avail:0.75) | Casey Legumina (1d rest, avail:0.75) | Ian Seymour (1d rest, avail:0.75)","2026-09-29 22:46 UTC"
"TEX","0.75","0","3","1","Tyler Alexander (1d rest, avail:0.75) | Robert Garcia (1d rest, avail:0.75) | Jakob Junis (1d rest, avail:0.75)","2026-09-29 22:46 UTC"
"TOR","0.875","0","9","1","Mason Fluharty (1d rest, avail:0.75) | Paul Sewald (1d rest, avail:0.75) | Chad Dallas (3d rest, avail:1.0)","2026-09-29 22:46 UTC"
"WSH","0.75","0","5","1","Jack Sinclair (1d rest, avail:0.75) | Will Dion (1d rest, avail:0.75) | Riley Cornelio (1d rest, avail:0.75)","2026-09-29 22:46 UTC"
