"team","bullpen_pa","bullpen_woba","bullpen_xwoba","bullpen_gap","bullpen_hard_hit","bullpen_k_pct","pitchers_counted","fetched_at"
"ARI","2704","0.2812","0.2877","-0.0065","35.771","22.997","8","2026-09-27 21:45 UTC"
"ATH","3177","0.3385","0.3184","0.0201","39.9318","23.6248","11","2026-09-27 21:45 UTC"
"ATL","3141","0.2808","0.2901","-0.0093","35.4586","25.4916","9","2026-09-27 21:45 UTC"
"BAL","3400","0.2911","0.2911","0.0","38.868","24.9248","11","2026-09-27 21:45 UTC"
"BOS","3114","0.2806","0.281","-0.0004","34.5127","26.6027","10","2026-09-27 21:45 UTC"
"CHC","3694","0.3031","0.3078","-0.0047","37.8932","24.6491","11","2026-09-27 21:45 UTC"
"CIN","3417","0.3173","0.3172","0.0001","39.0037","22.6947","11","2026-09-27 21:45 UTC"
"CLE","3901","0.2957","0.3026","-0.0069","37.8867","24.6377","9","2026-09-27 21:45 UTC"
"COL","2664","0.3284","0.3176","0.0108","38.5837","20.4043","7","2026-09-27 21:45 UTC"
"CWS","4370","0.3066","0.3061","0.0005","39.259","22.6873","11","2026-09-27 21:45 UTC"
"DET","4735","0.2923","0.2976","-0.0053","37.6467","22.5472","14","2026-09-27 21:45 UTC"
"HOU","3025","0.2926","0.2882","0.0044","37.1667","26.6413","7","2026-09-27 21:45 UTC"
"KCR","4611","0.3234","0.326","-0.0026","39.6551","20.5213","13","2026-09-27 21:45 UTC"
"LAA","1638","0.3095","0.3106","-0.0011","37.8662","24.3625","7","2026-09-27 21:45 UTC"
"LAD","4359","0.2875","0.2876","-0.0001","37.2385","27.6525","14","2026-09-27 21:45 UTC"
"MIA","3051","0.3102","0.3065","0.0037","40.1856","23.4433","9","2026-09-27 21:45 UTC"
"MIL","5465","0.3015","0.3043","-0.0028","39.4641","22.8934","12","2026-09-27 21:45 UTC"
"MIN","4066","0.3076","0.3087","-0.0011","36.5971","24.0446","11","2026-09-27 21:45 UTC"
"NYM","2329","0.3179","0.3099","0.008","39.3154","24.4106","8","2026-09-27 21:45 UTC"
"NYY","4714","0.3008","0.3013","-0.0005","36.6868","22.2398","11","2026-09-27 21:45 UTC"
"PHI","3664","0.3027","0.2937","0.009","36.459","25.1134","11","2026-09-27 21:45 UTC"
"PIT","4601","0.2981","0.3003","-0.0022","39.2945","25.6039","11","2026-09-27 21:45 UTC"
"SDP","4198","0.2783","0.2771","0.0012","34.209","26.2727","11","2026-09-27 21:45 UTC"
"SEA","3896","0.304","0.2995","0.0045","37.5152","24.251","11","2026-09-27 21:45 UTC"
"SFG","3515","0.3067","0.3164","-0.0097","39.1961","20.5863","12","2026-09-27 21:45 UTC"
"STL","2781","0.3133","0.3253","-0.012","39.7424","22.2248","8","2026-09-27 21:45 UTC"
"TBR","3836","0.2981","0.3083","-0.0102","39.2437","23.0349","11","2026-09-27 21:45 UTC"
"TEX","5221","0.3118","0.3127","-0.0009","37.751","21.2319","12","2026-09-27 21:45 UTC"
"TOR","3096","0.2756","0.285","-0.0094","36.8671","24.1947","8","2026-09-27 21:45 UTC"
"WSH","5120","0.3349","0.3311","0.0038","39.4797","20.5835","15","2026-09-27 21:45 UTC"
