"last_name, first_name","player_id","attempts","avg_hit_angle","anglesweetspotpercent","max_hit_speed","avg_hit_speed","ev50","fbld","gb","max_distance","avg_distance","avg_hr_distance","ev95plus","ev95percent","barrels","brl_percent","brl_pa"
"Arraez, Luis","650333","588","16.2",39.1,"104.4","86.4","94.1","88.5","84.1","399","172","372","114",19.4,"7",1.2,1.1
"Hoerner, Nico","663538","576","12",36.8,"108.9","86","96.1","89","85.1","402","156","383","168",29.2,"8",1.4,1.2
"Lopez, Otto","672640","549","8.4",30.4,"112.8","89.1","100.3","92.4","87","427","147","398","224",40.8,"33",6,4.8
"Simpson, Chandler","802415","538","1.2",25.3,"106.8","83.6","92.6","84.3","84","355","108",,"72",13.4,"0",0,0
"Clement, Ernie","676391","536","17.4",31.7,"109.7","84.3","94","88.3","81.4","399","164","376","111",20.7,"11",2.1,1.8
"Albies, Ozzie","645277","523","17.9",32.3,"108.7","87.1","96.6","90.8","84","416","181","388","145",27.7,"20",3.8,2.9
"Díaz, Yandy","650490","522","6",29.7,"113.7","90.9","102.5","93.9","90.3","439","146","388","250",48.1,"37",7.1,5.4
"Naylor, Josh","647304","516","11",35.5,"111.5","87.1","98.4","90.3","86.4","434","149","392","185",35.9,"23",4.5,3.6
"Bichette, Bo","666182","514","8",37.5,"114.9","89.6","100.8","92.6","87.2","427","161","392","215",41.8,"33",6.4,4.8
"Bregman, Alex","608324","508","17.7",32.5,"108.3","88.1","97.9","92","86.3","416","171","389","190",37.4,"31",6.1,4.4
"McGonigle, Kevin","805808","507","19.5",36.5,"109.5","87.8","98.4","92.3","82.1","422","186","393","190",37.5,"36",7.1,5.1
"Tatis Jr., Fernando","665487","503","5.3",31.8,"115.7","92.9","104.7","98.1","89.1","474","151","408","271",53.9,"64",12.7,9.1
"Dubón, Mauricio","643289","500","15.9",36.2,"108.3","86.4","96.5","88.9","85.7","413","166","390","146",29.3,"19",3.8,3.1
"Turner, Trea","607208","497","11.1",31.8,"110.1","88.4","98.9","92.1","86.3","434","160","390","194",39,"30",6,4.3
"Perdomo, Geraldo","672695","490","14.6",35.5,"109.9","87.6","96.8","90.1","85.7","421","163","383","156",31.9,"15",3.1,2.2
"Caminero, Junior","691406","489","10.4",27.2,"116.9","92.7","105.1","97.4","90.8","463","151","413","242",49.6,"64",13.1,9.1
"Burleson, Alec","676475","488","13",34.6,"112","92","102.3","96.2","88.5","443","168","406","244",50,"55",11.3,8.2
"Lee, Jung Hoo","808982","486","11.3",36,"107.6","87.5","96.9","89.6","86.9","427","160","381","153",31.5,"11",2.3,1.9
"Kwan, Steven","680757","485","12.8",40.6,"102.2","83.9","92.2","86.5","81.4","381","156","367","51",10.5,"2",0.4,0.3
"Lee, Brooks","686797","484","16.1",32,"108","88.1","97.5","91.6","84.8","425","174","375","164",33.9,"21",4.3,3.3
"Bohm, Alec","664761","482","8.6",33.8,"109.4","90.6","100.3","93","89.4","447","156","394","211",43.8,"29",6,4.6
"Contreras, William","661388","481","13.2",33.3,"112.8","90.3","101.2","94.8","87.5","463","167","407","212",44.1,"41",8.5,6.4
"Lile, Daylen","695734","479","19",38,"109.8","88.6","99.1","92.1","84.4","429","196","401","182",38.1,"46",9.6,7.1
"Paredes, Isaac","670623","478","24.3",38.5,"109.5","86.1","96.6","90.4","80.5","409","188","376","141",29.5,"23",4.8,3.5
"Harris II, Michael","671739","477","10",31.7,"114.9","90.5","103.1","94.6","87.6","425","160","394","227",47.6,"49",10.3,7.9
"Marte, Ketel","606466","477","13.7",31.2,"116.9","90.1","101.7","93.2","88.9","452","168","408","203",42.6,"44",9.2,7.1
"Stewart, Sal","701398","474","12.7",35.4,"111.4","90.4","100.8","94.7","86.3","456","171","397","197",41.6,"57",12,8.2
"Herrera, Iván","671056","470","9.3",31.3,"112.3","89.4","100.7","93.2","88.3","443","147","406","190",40.5,"28",6,3.9
"Young, Cole","702284","470","13.6",33,"111.3","88.3","99.1","91.8","86.9","423","161","384","177",37.7,"24",5.1,3.8
"Vargas, Miguel","678246","469","20.5",39.4,"112.9","90.1","100.4","94.2","83.8","433","199","393","205",43.8,"61",13,8.7
"Henderson, Gunnar","683002","469","12.2",32.6,"111.9","89.2","100.5","93.9","86.4","419","165","392","203",43.3,"36",7.7,5.1
"Freeman, Freddie","518692","468","12.2",38.9,"110.3","89.5","99.9","93.8","84.7","438","172","399","193",41.2,"38",8.1,5.8
"Guerrero Jr., Vladimir","665489","467","8.3",28.7,"116.3","90.3","102.7","92.5","90.2","437","146","402","207",44.3,"32",6.9,5.3
"Perez, Salvador","521692","465","15.3",35.3,"111.3","89.2","100.4","93.6","84.4","440","177","407","198",42.6,"49",10.5,7.9
"Rumfield, TJ","681198","463","15.7",37.4,"110.2","84.3","96.2","89","79.9","456","174","409","129",27.9,"23",5,3.6
"Abreu, Wilyer","677800","462","19",36.1,"113.1","89.8","100.9","93.7","86.5","443","194","406","201",43.5,"58",12.6,8.6
"Merrill, Jackson","701538","460","14.3",39.8,"112.7","91.5","101.4","96","85.9","449","186","411","224",48.7,"57",12.4,8.6
"Olson, Matt","621566","459","18",32,"111.6","92.5","103.6","96.8","88","441","192","406","238",51.9,"65",14.2,9.3
"Rocchio, Brayan","677587","458","13.8",34.7,"109.6","87","96.8","90","85.8","405","161","381","137",30,"13",2.8,2.2
"McCarthy, Jake","664983","458","11.9",36.5,"110.4","85.3","97.1","90.5","81.1","448","152","415","130",28.4,"25",5.5,4.2
"Machado, Manny","592518","455","14.5",32.5,"112","90.1","101.1","94.3","87.2","436","174","396","198",43.5,"44",9.7,6.5
"Benge, Carson","701807","451","12.1",37.9,"109.8","88.8","99.5","91.7","86.1","451","171","393","175",38.8,"33",7.3,5.1
"Rodríguez, Julio","677594","451","12.7",31.7,"114.6","90.3","102.4","94.2","87.5","451","163","407","199",44.1,"40",8.9,6.2
"Witt Jr., Bobby","677951","450","16.3",37.6,"117.2","92.3","103.2","95.1","92","432","185","403","228",50.7,"51",11.3,8.1
"Keaschall, Luke","807712","449","17.9",35.2,"107.3","85.4","96.6","90.2","81.3","411","177","378","131",29.2,"17",3.8,2.8
"Alvarez, Yordan","670541","449","18.9",40.3,"118.5","94.4","104.9","96.6","91.4","455","211","402","242",53.9,"72",16,10.5
"Gonzales, Nick","693304","449","7.7",34.3,"109.7","86.4","97.6","90.3","83.6","431","148","397","152",33.9,"14",3.1,2.3
"Bell, Josh","605137","448","13.2",32.8,"113.7","89.9","100.3","94.2","87","460","170","407","188",42,"42",9.4,6.7
"Adell, Jo","666176","448","16.3",32.1,"116.8","90.3","102.4","94.3","88","455","169","417","199",44.5,"39",8.7,5.9
"Edwards, Xavier","669364","444","9.4",36,"108.6","86.8","96.4","90.8","83.5","422","150","396","126",28.4,"14",3.2,2.4
"Nimmo, Brandon","607043","444","10.3",34.5,"110.6","92","101.8","95.2","88.9","436","175","404","224",50.5,"40",9,6.1
"Crow-Armstrong, Pete","691718","443","22.1",37.9,"114.6","90.6","102.3","94.7","86.5","444","193","397","215",48.5,"59",13.3,8.1
"Stott, Bryson","681082","440","14.2",34.8,"111.9","89.3","98.7","92.5","86.6","464","173","393","164",37.3,"26",5.9,4.3
"Alonso, Pete","624413","438","14.9",36.8,"114.6","93.9","104.1","97.3","90.6","471","183","402","246",56.2,"67",15.3,9.6
"Busch, Michael","683737","437","15.7",34.3,"109.2","88.4","98.9","92","84.1","427","179","404","174",39.8,"40",9.2,5.7
"Tucker, Kyle","663656","436","17.8",34.4,"108.6","88.5","98.3","90","87.5","435","179","392","159",36.5,"28",6.4,4.5
"Carroll, Corbin","682998","436","15.5",30,"112.9","91.8","101.9","95.9","89.2","448","173","402","209",47.9,"53",12.2,7.9
"Walker, Jordan","691023","436","11.7",32.3,"117.2","92.7","104.9","95.8","92.3","459","167","406","218",50,"58",13.3,8.7
"Durbin, Caleb","702332","436","12.3",28.9,"107.9","83.1","95.2","89.2","80.6","415","138","376","110",25.2,"12",2.8,2.1
"Reynolds, Bryan","668804","436","8.3",38.5,"113.7","90.8","101.9","95.7","86.2","443","169","407","209",47.9,"49",11.2,7
"Wetherholt, JJ","802139","435","11.5",34.9,"108.7","89.7","99.4","94.5","85","425","167","393","195",44.9,"32",7.4,5.2
"Meidroth, Chase","805367","434","8.5",33.9,"110.2","87.2","97.4","91.2","84","417","144","382","150",34.6,"20",4.6,3.1
"Harper, Bryce","547180","433","12.6",37.4,"113.5","89.9","101.1","93.9","86.6","457","170","403","186",43,"44",10.2,6.4
"Arozarena, Randy","668227","429","10",35.9,"113","90.9","100.6","94.1","88.7","437","160","389","186",43.5,"35",8.2,5.3
"Rafaela, Ceddanne","678882","428","12",34.3,"109.9","86.4","96.9","89.7","83.8","411","160","382","137",32,"23",5.4,4
"Hicks, Liam","689414","428","14.5",30.6,"108.9","84.6","96.1","88.7","82.9","431","154","382","116",27.1,"16",3.7,2.9
"Walker, Christian","572233","424","14.7",31.8,"112.5","89.1","101.1","92.2","87.3","440","169","395","173",40.8,"40",9.4,6.3
"Aranda, Jonathan","666018","424","14.4",38.9,"111.4","91","100.5","94.1","86.6","453","188","390","194",45.9,"42",9.9,6.3
"Abrams, CJ","682928","423","17.7",34.3,"110.8","89.6","100","94.2","86.1","434","176","397","172",40.7,"44",10.4,6.8
"García Jr., Luis","671277","421","11.5",33,"114","91.4","102.3","96.2","88.2","455","164","398","194",46.1,"51",12.1,9.4
"Betts, Mookie","605141","421","17.9",40.4,"108.1","90.2","98.7","93","86.6","421","194","389","160",38,"33",7.8,6.3
"Sanoja, Javier","691594","420","12.1",33.6,"108.4","87","97.2","89.8","87.4","419","151","385","133",31.7,"12",2.9,2.5
"McNeil, Jeff","643446","420","14.1",37.9,"108.4","86.3","96.2","89.6","84.7","400","161","380","125",29.8,"7",1.7,1.4
"Baldwin, Drake","686948","419","11",37.5,"112.8","91.5","102.3","96.1","87.2","473","172","402","212",50.6,"54",12.9,8.8
"Dingler, Dillon","693307","417","17.6",39.1,"110.8","88.8","100.4","93.1","85.2","443","183","398","181",43.4,"42",10.1,6.9
"DeLauter, Chase","800050","416","11.8",35.1,"111.2","91.4","101.3","94.7","90.5","435","164","398","192",46.3,"26",6.3,4.7
"Bogaerts, Xander","593428","416","6.7",27.9,"112","89.6","100.3","93.5","86.9","441","144","402","176",42.3,"23",5.5,3.8
"Rice, Ben","700250","414","14.5",38.4,"110.9","91.9","101.7","95.6","88","447","189","392","201",48.6,"59",14.3,8.8
"Bellinger, Cody","641355","414","17.6",38.2,"109.3","89.2","98.5","92.5","87","403","178","377","156",37.8,"27",6.5,4.8
"Turang, Brice","668930","414","8.9",38.6,"109.8","90.2","100.3","95.1","84.9","444","165","406","172",41.5,"32",7.7,4.7
"Arenado, Nolan","571448","413","18.7",33.7,"108.5","85.1","96.9","89.6","82.9","430","167","391","128",31.1,"29",7,4.9
"Ramírez, José","608070","411","19",35.3,"110.8","88.6","99.3","92.4","87.2","410","174","392","159",38.8,"17",4.1,3.1
"Altuve, Jose","514888","411","10.9",31.9,"108.7","85.7","96.9","91.1","81.9","410","148","374","130",31.6,"17",4.1,3
"Vargas, Ildemaro","545121","407","11.3",30.5,"109.4","87.4","98.1","89.8","88.3","431","151","396","142",35,"13",3.2,2.7
"Clemens, Kody","665019","406","15.4",33.3,"108.2","91.9","101","94.9","89.1","419","182","390","187",46.1,"45",11.1,7.8
"Neto, Zach","687263","404","22.8",38.1,"109.7","89.9","99.9","94.5","82.8","443","198","405","167",41.4,"47",11.6,6.7
"Moreno, Gabriel","672515","403","12.9",36.2,"110.9","89.3","99.9","92.3","88.2","431","165","400","170",42.2,"31",7.7,5.6
"Duran, Ezequiel","677649","402","11.7",34.1,"111.5","88.9","99.5","92.3","87.2","436","156","397","155",38.6,"24",6,4
"Lowe, Brandon","664040","402","15.8",35.1,"111.1","91","101.3","95.3","86.6","444","187","393","184",45.8,"50",12.4,7.6
"Pages, Andy","681624","401","15.7",37.2,"109.7","88.8","99.8","92.4","86.2","425","177","390","169",42.1,"31",7.7,5.4
"Devers, Rafael","646240","401","15",30.7,"112.5","93","103","96.6","90","463","185","398","207",51.6,"50",12.5,7.9
"Antonacci, Sam","803011","400","9.8",37.5,"108.4","87.5","97.5","91","85.5","422","152","390","134",33.6,"20",5,3.6
"Marsee, Jakob","805300","397","18.1",33.5,"110.9","87.3","97.8","90.9","86.1","420","167","386","137",34.5,"15",3.8,2.4
"Duran, Jarren","680776","394","12.5",31.5,"114.7","89.6","101.4","93.2","89.7","445","155","401","157",39.8,"36",9.1,5.9
"Semien, Marcus","543760","393","18.8",33.3,"107.5","86.7","97","90.4","82.9","424","179","391","132",33.6,"23",5.9,4.2
"Suzuki, Seiya","673548","393","17.5",36.9,"112.9","88.6","100.2","92.3","85.8","455","180","408","153",38.9,"42",10.7,6.6
"Burger, Jake","669394","391","13.9",29.2,"113.6","90.1","102.5","95.1","87","447","166","403","178",45.5,"48",12.3,7.8
"Okamoto, Kazuma","672960","388","19.4",35.1,"112.6","90.6","101.3","95.3","86.6","453","186","400","171",44.1,"51",13.1,8.1
"Marsh, Brandon","669016","386","13",41.2,"110.1","89.2","99.8","93","85.9","454","175","391","165",42.7,"31",8,5.5
"Chourio, Jackson","694192","386","11.9",33.4,"113.3","91.6","102.2","95.4","88.3","442","172","400","181",47,"48",12.4,8.4
"De La Cruz, Elly","682829","385","10",36.1,"117.4","94.7","105.4","97.4","92.3","457","170","402","206",53.5,"62",16.1,9.8
"Giménez, Andrés","665926","379","13",30.1,"108.9","85.4","95.8","90.3","82.5","415","149","389","94",24.8,"13",3.4,2.6
"Varsho, Daulton","662139","378","16.2",31.2,"110.4","86.7","98.4","91.3","84","412","165","390","138",36.5,"26",6.9,4.9
"Ohtani, Shohei","660271","373","12.4",38.3,"114.6","93.3","103.7","96.9","89.4","452","182","407","194",52,"61",16.4,9.9
"Ward, Taylor","621493","371","14.8",35.3,"109.5","88.7","98.8","92.6","85.6","419","172","388","142",38.3,"19",5.1,3.1
"Riley, Austin","663586","368","18.5",34.5,"112.2","91.3","102.1","95.3","87.4","438","183","411","163",44.3,"46",12.5,7.3
"Springer, George","543807","368","12.4",30.2,"111.3","88.6","99.6","93","85.2","438","158","394","142",38.6,"24",6.5,4.7
"Canzone, Dominic","686527","366","10.7",35.8,"114.7","91.1","102.4","95.9","87.2","451","167","401","164",44.8,"45",12.3,8.5
"Caglianone, Jac","695506","366","7.6",34.2,"116.1","93.2","105.5","97.7","89.1","448","164","416","199",54.4,"48",13.1,8.7
"Smith, Cam","701358","365","12.4",31.2,"114.7","88.6","101.6","93.9","84.8","462","163","408","158",43.3,"41",11.2,7.3
"Schwarber, Kyle","656941","364","20.2",37.4,"113.2","92.3","103.4","97.2","86.5","460","195","402","179",49.2,"56",15.4,8
"Jensen, Carter","695600","364","20.6",33,"113.7","91.5","102.1","94.4","89.9","449","198","399","163",44.8,"46",12.6,7.6
"Winn, Masyn","691026","361","11.5",33,"108.5","88.3","98.5","90.9","87.6","410","154","385","126",34.9,"12",3.3,2.3
"Greene, Riley","682985","358","17.7",39.7,"112.4","89.9","102.3","94.9","82.8","431","197","400","165",46.1,"53",14.8,9
"Church, Nathan","701675","357","13.5",33.6,"110.1","85.6","97","89.8","84.2","407","151","386","107",30,"19",5.3,4.1
"Happ, Ian","664023","357","14.4",31.9,"111.5","89.3","100.5","94.2","84.6","446","175","401","150",42.1,"40",11.2,6.3
"Massey, Michael","686681","356","15.6",36.5,"108.4","89.3","98.9","92.7","86.4","430","181","393","139",39,"22",6.2,4.9
"Lukes, Nathan","664770","354","7.8",30.8,"107.5","86.9","96.4","91","84.8","404","137","382","103",29.1,"9",2.5,2
"Peters, Tristan","671976","352","17.9",32.7,"108.5","87.5","98.3","91.4","85.1","410","163","377","120",34.2,"19",5.4,3.9
"Mullins, Cedric","656775","350","25.2",24.3,"110.4","88.1","97.7","92.2","85.8","433","173","386","115",33,"15",4.3,3
"Trout, Mike","545361","350","17.4",38,"114.6","90.1","102.8","94.3","85.6","446","193","409","162",46.3,"56",16,8.8
"Crawford, Justin","702222","349","1",27.5,"109.2","87.1","98.1","90.5","85.7","421","124","395","123",35.2,"7",2,1.5
"Young, Jacob","696285","347","12",36.3,"110.1","87.7","97.7","89.6","85.8","437","170","399","109",31.4,"20",5.8,4.3
"Pasquantino, Vinnie","686469","347","20.5",36,"108.9","89.9","99.8","94.2","87","427","195","396","144",41.5,"31",8.9,6.5
"Muncy, Max","571970","346","17.5",35.5,"110.2","89.9","101","95.8","82.9","461","185","410","158",45.7,"44",12.7,7.9
"Goodman, Hunter","696100","346","18.7",32.4,"116.2","89.7","102.2","95.2","83.1","451","187","406","153",44.2,"50",14.5,8.8
"Bleday, JJ","668709","345","23.2",39.1,"112.6","88.4","99.8","93.3","82.1","417","200","390","138",40.1,"33",9.6,6.1
"Mangum, Jake","663968","345","4.6",27,"107.1","85.9","96.4","91","83.6","420","124","394","96",27.8,"8",2.3,1.7
"Tovar, Ezequiel","678662","343","17.7",35.3,"109.4","87.3","98.5","91.8","82.8","441","174","404","114",33.2,"24",7,4.8
"Bazzana, Travis","683953","343","15.2",30,"108.1","87.8","98.4","92.4","84.7","427","166","393","125",36.7,"18",5.2,3.5
"Montgomery, Colson","695657","341","23.7",33.1,"115.4","88.6","101.2","93.1","85.8","442","188","397","140",41.2,"41",12,6.5
"Grissom, Vaughn","687093","340","12.5",33.5,"110","87.4","98.6","92.4","83.6","408","162","389","121",35.6,"23",6.8,4.9
"Schanuel, Nolan","694384","340","12.2",36.5,"106.6","87.4","97.3","89.8","85.9","399","158","375","112",32.9,"8",2.4,1.8
"Nuñez, Nasim","683083","339","8.4",28,"109.7","85","94.9","87.5","84.5","381","129","372","73",21.5,"3",0.9,0.6
"Wood, James","695578","337","8.6",36.8,"116.3","95.4","106.4","100.5","90.3","446","177","413","198",58.8,"63",18.7,10.2
"France, Ty","664034","336","14.5",39,"109.6","91.6","100.9","94.5","90.4","427","176","390","160",47.6,"31",9.2,6.3
"Torkelson, Spencer","679529","336","20",40.8,"109.8","89.5","100","94.2","81.6","435","202","390","141",42,"41",12.2,6.7
"Lewis, Royce","668904","335","20.9",33.1,"112.4","89.7","100.4","93.5","87.7","444","178","402","133",39.7,"35",10.4,6.9
"Butler, Lawrence","671732","334","7.5",30.5,"112.7","89.8","101.8","94.4","87.4","463","146","408","150",45,"29",8.7,5.4
"Grisham, Trent","663757","333","17.5",35.7,"111.6","90.6","100.5","94.6","87.7","424","185","388","151",45.3,"32",9.6,6.6
"Soto, Juan","665742","332","15.9",31.9,"114.2","92.5","102.5","96.8","88.7","449","176","403","159",47.9,"46",13.9,9.6
"Peña, Jeremy","665161","330","13",34.8,"110","88.6","99.9","92.3","86.3","454","164","392","130",39.4,"24",7.3,5
"Adames, Willy","642715","327","22.8",36.7,"109.4","87.4","98.8","92.1","83.6","427","187","389","127",38.8,"29",8.9,5.7
"Collins, Isaac","686555","325","16.1",29.2,"110.9","88","99.7","90.8","88.9","428","163","394","127",39.1,"16",4.9,3.1
"Jung, Josh","673962","321","12",41.1,"110.1","90.7","100.2","93.4","88.2","424","174","380","158",49.2,"23",7.2,5.2
"Bauers, Jake","641343","321","12.1",38.3,"114.8","92.1","103.2","96.2","87.9","457","181","401","167",52,"44",13.7,7.7
"Crawford, J.P.","641487","319","13.6",32.3,"107.8","87.7","98","91.9","86.8","421","151","393","110",34.5,"20",6.3,4.1
"Lindor, Francisco","596019","319","18.9",28.8,"111.5","91.5","100.6","94.6","89.1","420","183","390","157",49.2,"28",8.8,6
"Chisholm Jr., Jazz","665862","318","16.3",29.9,"112.4","90.4","100.2","94.5","87.1","416","168","384","136",42.8,"26",8.2,4.9
"Johnston, Troy","687859","318","13.9",39.9,"107.9","89.7","98.3","91.4","87.9","423","175","411","116",36.5,"7",2.2,1.6
"Swanson, Dansby","621020","317","15.6",29,"110.3","89.4","99.4","93.8","85.3","437","168","404","129",40.7,"23",7.3,4.8
"Realmuto, J.T.","592663","317","11.9",35.6,"111.2","89.6","99.5","93.7","85.8","422","166","397","126",39.7,"17",5.4,3.7
"Ewing, A.J.","805999","317","10.8",34.7,"110.5","89.5","100","92.4","87.4","420","160","397","133",42,"23",7.3,4.7
"Benintendi, Andrew","643217","316","17.3",36.4,"109.9","89.3","99.1","92.5","84.9","410","180","388","142",45.1,"27",8.5,5.8
"Contreras, Willson","575929","316","18",32.3,"116","89.8","102.4","95.7","85.8","452","178","405","139",44,"42",13.3,7.9
"Taveras, Leody","665750","316","16.1",28.2,"112.4","88","99","91.2","85.5","448","159","403","103",32.6,"13",4.1,2.7
"Horwitz, Spencer","687462","315","16",30.2,"108","86.8","97.1","90.7","85.1","434","161","395","96",30.5,"18",5.7,4
"Langeliers, Shea","669127","314","18.4",37.6,"114.4","91.3","102.1","95.3","88","467","183","417","136",43.3,"42",13.4,9.1
"Karros, Kyle","691720","312","12.7",40.7,"111.8","89.6","100.4","91.9","88.3","457","170","416","128",41,"26",8.3,5.5
"Hernández, Heriberto","681715","312","13.1",31.4,"111.3","91.4","101.8","96.9","86.7","439","177","406","149",47.8,"39",12.5,7.8
"Schmitt, Casey","669477","310","21.6",39.4,"112.3","89.9","100.8","93.2","87.3","424","197","396","139",44.8,"38",12.3,9.3
"Kelly, Carson","608348","310","13.3",31.6,"108.4","86.7","98.2","91.1","84.1","428","155","403","112",36.1,"16",5.2,3.8
"Yelich, Christian","592885","310","3.8",29.4,"111.1","89","100.4","93","87.1","421","137","395","134",43.2,"30",9.7,6
"O'Hearn, Ryan","656811","310","13.7",33.9,"108.1","89.1","99.1","93.5","85.5","421","167","385","131",42.3,"21",6.8,4.7
"Caballero, José","676609","309","13.9",30.4,"108.5","83.8","95.7","89.7","80.8","420","142","384","79",25.6,"13",4.2,2.9
"Acuña Jr., Ronald","660670","308","15.7",34.7,"115.2","89.6","102.1","95.5","84.4","450","174","400","134",43.5,"40",13,8.5
"Hernández, Teoscar","606192","307","13.9",33.6,"112.6","90.3","101.6","94.1","87.7","443","166","395","139",45.3,"33",10.7,6.8
"Soderstrom, Tyler","691016","306","11.1",31,"113.2","90.7","101.6","94.7","88.6","462","159","404","139",45.4,"29",9.5,6.4
"Loftin, Nick","679845","306","15.6",35.9,"110.8","86.8","96.9","89.9","85.2","416","172","395","91",29.7,"13",4.2,3.1
"Larnach, Trevor","663616","305","13.8",38,"109.9","87.7","99","90.6","86.8","425","174","389","112",36.7,"23",7.5,5.3
"McKinstry, Zach","656716","305","14.5",37,"106","85.8","95.2","88.4","84","399","168","390","69",22.6,"6",2,1.4
"Frelick, Sal","686217","304","9.9",27,"107.2","85.6","96.4","88.2","85.4","407","137","396","82",27.1,"7",2.3,1.8
"Martínez, Angel","682657","302","14.7",35.4,"110.1","87.6","99","91.1","85","445","161","390","108",35.9,"22",7.3,5.3
"Keith, Colt","690993","302","13.3",38.1,"111.2","88.7","100.1","92.9","85","427","172","382","127",42.1,"23",7.6,5.4
"McLain, Matt","680574","301","20.8",35.5,"110.5","87.8","98.6","91.1","84.3","421","186","391","107",35.5,"27",9,5.5
"Castro, Willi","650489","301","17.7",31.9,"112.1","87.6","100.3","91.5","85.2","444","175","409","120",39.9,"24",8,5
"Langford, Wyatt","694671","301","20.1",32.6,"111.3","88.6","99.5","92.2","85.5","438","177","401","111",36.9,"24",8,5.1
"Rutschman, Adley","668939","299","14.7",39.5,"112.1","88.9","99.1","92.1","85.7","419","181","395","115",38.5,"20",6.7,4.9
"Ortiz, Joey","687401","298","6.4",29.2,"112.2","89.2","99.7","93.1","87","415","142","392","112",37.6,"12",4,2.9
"Baty, Brett","683146","298","13.1",36.9,"114","90.4","101.4","95.8","84.5","455","181","402","125",41.9,"31",10.4,6.6
"Ruiz, Keibert","660688","298","17.2",33.9,"108.7","88.1","98.1","91.8","86.5","406","172","380","109",36.6,"15",5,4.2
"Mitchell, Garrett","669003","295","2.1",30.8,"115.5","93.2","104.8","97.5","90.7","440","140","417","155",52.5,"34",11.5,6.5
"Crews, Dylan","686611","295","13.6",34.2,"112.3","90.1","101","92.7","88.2","442","179","404","126",42.7,"28",9.5,6.4
"Heim, Jonah","641680","291","13.3",33,"109.1","87.3","97.5","90.7","85.4","445","163","409","94",32.3,"17",5.8,4.4
"Moniak, Mickey","666160","291","21.4",32,"109.1","89.7","99.9","93.1","86.9","447","193","417","121",41.6,"28",9.6,6.4
"Gelof, Zack","680869","289","16.1",29.1,"109","89.7","100.1","94.4","86.3","456","167","399","124",42.9,"31",10.7,7.2
"Stowers, Kyle","669065","289","18.1",33.2,"112.8","92.5","103.4","97.1","87.3","442","188","399","163",56.4,"37",12.8,7.2
"Stephenson, Tyler","663886","288","18",39.9,"109.1","90.8","100.2","94.7","84.9","435","200","392","127",44.1,"35",12.2,7.5
"Carter, Evan","694497","287","17.9",28.2,"108.2","87.5","98.7","91.3","84.9","422","162","380","100",34.8,"14",4.9,3.1
"Raleigh, Cal","663728","287","25.5",33.4,"112.4","90.1","100.5","94","83.1","459","203","386","113",39.5,"41",14.3,7.8
"Lowe, Nathaniel","663993","286","14.8",39.5,"112.7","89.6","101.1","91.5","89","438","174","395","119",41.6,"24",8.4,5.6
"Ramos, Heliot","671218","285","6.8",34.4,"112.2","92.2","103.3","97","88.2","444","156","403","138",48.4,"39",13.7,8.8
"Diaz, Yainer","673237","285","7.6",29.5,"110.3","89.2","99.6","93.5","87.3","425","138","387","109",38.2,"20",7,5.6
"Fermín, José","665877","283","16.3",34.6,"109.3","86.1","96.3","90.3","84.1","407","159","390","89",31.4,"6",2.1,1.6
"Cronenworth, Jake","630105","282","11.4",30.5,"108.9","87.2","97.1","90.2","86.3","403","146","377","83",29.4,"11",3.9,2.6
"Bolte, Henry","703607","282","1",27.7,"115.1","91","104.4","94.5","89.9","446","118","398","137",48.8,"23",8.2,4.9
"Cortes, Carlos","666126","281","10.9",36.3,"110.4","88.4","98.8","92.8","85.7","461","157","398","100",35.7,"17",6,4.5
"Seager, Corey","608369","280","12.6",36.1,"110.3","91.9","102.1","95.6","88.2","458","174","396","137",48.9,"41",14.6,9.5
"Walls, Taylor","670764","280","19.4",31.4,"107.7","85.6","95.3","90.3","81.2","404","163","383","61",21.9,"6",2.1,1.4
"Torres, Gleyber","650402","279","9.4",38.4,"106.9","86.2","96.7","90.2","81.9","433","159","393","90",32.3,"17",6.1,4
"Sheets, Gavin","657757","278","13.5",30.9,"110.1","87.3","98.8","92.4","84.9","434","151","395","106",38.1,"19",6.8,4.6
"Palacios, Richie","680700","277","13.2",33.2,"106.9","86.5","96.6","89.9","85.5","416","156","385","81",29.2,"11",4,2.8
"Mayo, Coby","691723","275","19",34.5,"116.5","91.3","103.5","96.8","85.4","468","194","411","130",47.3,"37",13.5,8.1
"Pederson, Joc","592626","275","16",30.5,"110.6","92.1","102","95.8","89.1","426","178","396","140",50.9,"31",11.3,7.2
"Gilbert, Drew","687551","273","14.1",36.3,"110.1","86.8","98.4","91.7","85","421","154","392","102",37.4,"16",5.9,4.1
"Buxton, Byron","621439","272","20.3",32.4,"111.9","90.2","101.6","95.3","85.6","438","188","402","127",46.7,"43",15.8,10.5
"DeLuca, Jonny","676356","271","14.2",28,"111.1","85.8","97.9","90.4","85.4","438","145","390","81",29.9,"8",3,2.2
"Eldridge, Bryce","805811","270","13.7",36.7,"113.4","92.7","102.6","96.8","87.8","461","180","402","141",52.2,"31",11.5,6.9
"Suárez, Eugenio","553993","268","21.2",37.3,"111.3","88.5","99.4","92.8","84.7","435","190","396","97",36.2,"33",12.3,6.6
"Rengifo, Luis","650859","268","6",28.4,"109.2","87.7","97.7","90.2","86.3","409","132","374","92",34.3,"11",4.1,3.1
"Vivas, Jorbit","678391","265","12",34.3,"108.7","82.9","94.3","86.9","79.8","410","150","392","57",21.5,"8",3,2.2
"Hamilton, David","666152","263","13.2",29.3,"109.9","86.9","96.7","90","84.4","426","147","386","73",27.9,"9",3.4,2.3
"Goldschmidt, Paul","502671","262","14.6",35.1,"109.8","86.8","98.6","92.7","82.1","430","164","390","94",35.9,"26",9.9,6.8
"Yastrzemski, Mike","573262","262","16.1",31.7,"107","90.3","99.6","93.5","88","420","178","386","112",42.7,"17",6.5,4.2
"Garcia, Maikel","672580","260","8.7",33.1,"110.6","89.7","99.8","91.6","89.8","412","156","398","104",40,"11",4.2,3.2
"Basallo, Samuel","694212","257","11.4",30.7,"112.5","90.4","102","95.8","85.2","437","165","400","110",42.8,"31",12.1,7.8
"Murakami, Munetaka","808959","256","16",30.1,"114.1","93.9","104.4","100","86.2","451","190","401","145",56.6,"52",20.3,9.5
"Steer, Spencer","668715","256","16.9",35.5,"107.2","89.7","99.5","94.1","86.4","421","178","394","100",39.1,"30",11.7,7.8
"Caratini, Victor","605170","255","12.6",36.5,"107.2","89.3","98.3","92.9","87.2","430","163","404","97",38,"16",6.3,4.2
"Triolo, Jared","669707","255","6.1",32.9,"108.6","86.3","97.4","89.2","85.3","419","140","409","84",32.9,"6",2.4,1.7
"Jeffers, Ryan","680777","251","16.5",35.1,"113.4","88.7","100.7","93.9","84.2","432","176","397","103",41,"26",10.4,7.1
"Montgomery, Braden","695731","249","3",28.1,"109.7","88.9","100.1","95.3","85.6","419","129","395","102",41,"11",4.4,3
"Monasterio, Andruw","655316","248","20.9",36.3,"107.5","87.5","97.3","91.1","84.9","428","182","390","78",31.5,"16",6.5,4.7
"Young, Jared","676724","248","11.7",30.2,"113.5","90.4","101.9","93.7","89.6","424","158","396","116",46.8,"19",7.7,5.6
"Carrigg, Cole","694249","248","16.5",37.1,"109.9","88","99.1","92.2","83.7","445","179","406","93",37.5,"15",6,4.1
"Alvarez, Francisco","682626","246","10.2",32.9,"113.7","90.8","102.9","96.7","86.9","437","160","401","118",48,"38",15.4,9
"Lee, Hao-Yu","701678","245","13.2",34.7,"112.2","89.6","100.2","94.8","85.2","446","173","396","101",41.2,"21",8.6,5.8
"Holliday, Jackson","702616","236","12.5",36,"105.8","87","97.3","91.8","82.7","406","160","389","78",33.1,"15",6.4,4.2
"Ballesteros, Moisés","694208","236","11",31.4,"111.4","90.2","100.9","94.8","86.6","427","160","394","108",45.8,"20",8.5,5.7
"Tawa, Tim","694374","236","12.4",35.6,"110.9","90.6","100.9","93","89.5","429","168","397","104",44.1,"25",10.6,7.2
"Thomas, Lane","657041","235","17.4",36.2,"109.9","89.3","99.9","93.1","88.7","445","168","409","96",40.9,"15",6.4,4
"Martin, Austin","668885","235","12.2",34.5,"106.8","86.8","96.4","90.3","85","406","156","394","67",28.5,"7",3,2
"Wells, Austin","669224","234","20.5",33.8,"110.5","89.3","100.2","94.4","85.3","430","181","382","100",42.7,"18",7.7,4.6
"Peraza, Oswald","672724","230","9.2",32.2,"112.8","87.6","99.4","91.5","85.2","418","144","386","83",36.1,"14",6.1,3.8
"Cruz, Oneil","665833","229","5.4",33.2,"119","94.1","106","98.6","91.4","450","163","414","123",53.7,"35",15.3,8.4
"House, Brady","691781","229","10.3",31.4,"113.4","90","102.2","92.6","87.8","445","158","397","109",47.6,"22",9.6,6.3
"Chapman, Matt","656305","229","11.3",25.3,"113","88.2","99.9","93.1","86.5","432","143","398","82",35.8,"15",6.6,4.3
"Beavers, Dylan","687637","227","19",38.3,"109.6","87.8","99.4","92.4","81.9","411","190","387","87",38.3,"19",8.4,5.2
"Bailey, Patrick","672275","224","13.4",36.2,"109.5","90.5","100.1","94.1","87.2","420","170","399","95",42.4,"17",7.6,5
"McMahon, Ryan","641857","224","14.3",32.1,"110.9","90.5","101.4","93.2","88.4","430","172","382","100",44.8,"20",8.9,5.6
"Cowser, Colton","681297","224","13",32.6,"113.3","87.9","100.4","93.2","82.1","441","173","412","92",41.1,"21",9.4,5.4
"Norby, Connor","681393","221","18.6",34.8,"106.9","87.4","97.9","91.3","83.1","418","187","395","80",36.2,"17",7.7,4.5
"Kurtz, Nick","701762","211","11.9",38.9,"115.9","93.4","106.2","99.9","85.8","471","183","412","121",57.3,"38",18,8.8
"Lowe, Josh","666139","208","18.9",32.7,"109.6","88.8","99.1","92.2","84.9","437","186","393","78",37.5,"19",9.1,5.6
"Soler, Jorge","624585","202","14.5",35.1,"112.7","88.5","101.6","92.4","84.9","432","172","400","86",42.6,"22",10.9,6.1
"Manzardo, Kyle","700932","200","19.3",34.5,"108.4","89.5","98.8","93.3","85.2","454","186","386","82",41,"24",12,6.7