pitcher_id,name,pitches,pa,k_percent,bb_percent,woba,xwoba,gap,hard_hit_percent,window_days
656876,"Rasmussen, Drew",300,68,36.8,11.8,0.172,0.221,-0.049,17.1,21
671737,"Bradley, Taj",302,75,28.0,9.3,0.222,0.305,-0.083,48.9,21
554430,"Wheeler, Zack",392,92,34.8,2.2,0.258,0.197,0.061,31.0,21
640455,"Manaea, Sean",394,103,22.3,9.7,0.344,0.289,0.055,54.3,21
608331,"Fried, Max",190,53,15.1,7.5,0.255,0.28,-0.025,34.1,21
800048,"Messick, Parker",317,72,19.4,5.6,0.353,0.307,0.046,44.4,21
607074,"Rodón, Carlos",188,50,32.0,0.0,0.108,0.266,-0.158,29.4,21
607259,"Martinez, Nick",285,79,20.3,5.1,0.391,0.283,0.108,35.6,21
647336,"Soroka, Michael",336,87,26.4,9.2,0.274,0.277,-0.003,40.7,21
801139,"Tolle, Payton",178,55,16.4,10.9,0.396,0.306,0.09,30.0,21
684007,"Imanaga, Shota",202,46,43.5,4.3,0.289,0.306,-0.017,58.3,21
669467,"Pallante, Andre",356,99,12.1,6.1,0.355,0.377,-0.022,35.4,21
579328,"Kikuchi, Yusei",353,90,20.0,6.7,0.346,0.299,0.047,42.4,21
702275,"Ritchie, JR",342,95,20.0,10.5,0.351,0.325,0.026,45.5,21
683003,"Jones, Jared",278,69,39.1,2.9,0.083,0.162,-0.079,25.0,21
683627,"Molina, Anthony",167,44,27.3,4.5,0.227,0.263,-0.036,26.7,21
676083,"Junk, Janson",292,72,30.6,5.6,0.194,0.216,-0.022,26.1,21
669302,"Gilbert, Logan",284,72,30.6,5.6,0.346,0.303,0.043,48.9,21
650633,"King, Michael",263,66,24.2,12.1,0.365,0.323,0.042,31.0,21
663738,"Lynch IV, Daniel",305,89,9.0,9.0,0.509,0.463,0.046,45.1,21
669022,"Gore, MacKenzie",200,60,6.7,6.7,0.25,0.389,-0.139,53.8,21
800600,"Kent, Jackson",141,37,16.2,10.8,0.409,0.375,0.034,25.9,21
623454,"Anderson, Drew",138,43,20.9,0.0,0.312,0.408,-0.096,41.2,21
676467,"Gordon, Colton",136,39,2.6,5.1,0.285,0.281,0.004,38.9,21
607536,"Freeland, Kyle",258,78,10.3,5.1,0.524,0.452,0.072,48.5,21
682227,"Williamson, Brandon",309,78,14.1,7.7,0.294,0.325,-0.031,36.1,21
641743,"Kay, Anthony",283,81,19.8,9.9,0.379,0.376,0.003,43.6,21
664062,"Gonsolin, Tony",122,29,34.5,20.7,0.493,0.371,0.122,30.8,21
683000,"Cornelio, Riley",211,43,32.6,18.6,0.277,0.369,-0.092,47.6,21
688642,"Agnos, Zach",159,45,8.9,4.4,0.392,0.334,0.058,41.0,21
669620,"Basso, Brady",146,42,14.3,14.3,0.595,0.339,0.256,53.6,21
702566,"Murphy, Owen",97,28,7.1,0.0,0.568,0.473,0.095,46.2,21
664299,"Javier, Cristian",86,18,22.2,22.2,0.256,0.383,-0.127,40.0,21
656288,"Canning, Griffin",245,58,17.2,12.1,0.395,0.392,0.003,43.9,21
686751,"Johnson, Seth",186,49,16.3,16.3,0.43,0.391,0.039,45.5,21
656986,"Sousa, Bennett",116,31,25.8,12.9,0.387,0.283,0.104,36.8,21
669160,"May, Dustin",197,45,28.9,15.6,0.424,0.409,0.015,44.0,21
699044,"Ullola, Miguel",164,43,20.9,18.6,0.201,0.215,-0.014,34.6,21
650644,"Civale, Aaron",110,29,13.8,13.8,0.326,0.275,0.051,14.3,21
543135,"Eovaldi, Nathan",148,37,10.8,13.5,0.419,0.398,0.021,50.0,21
687941,"Gamboa, Alec",101,24,12.5,12.5,0.394,0.38,0.014,61.1,21
678606,"Ferrer, José A.",107,28,25.0,7.1,0.433,0.502,-0.069,36.8,21
663687,"Harris, Hogan",83,18,22.2,16.7,0.413,0.261,0.152,27.3,21
596001,"Junis, Jakob",126,27,7.4,37.0,0.372,0.408,-0.036,26.7,21
696147,"Bachman, Sam",92,26,11.5,11.5,0.583,0.439,0.144,45.0,21
656271,"Burke, Brock",68,17,17.6,11.8,0.262,0.234,0.028,50.0,21
701121,"VanWey, Logan",151,34,17.6,5.9,0.259,0.241,0.018,38.5,21
680736,"Wrobleski, Justin",151,37,27.0,0.0,0.268,0.204,0.064,63.0,21
669020,"Rolison, Ryan",83,17,35.3,5.9,0.274,0.166,0.108,10.0,21
665795,"Cabrera, Edward",54,18,11.1,33.3,0.533,0.521,0.012,30.0,21
593974,"Peralta, Wandy",90,25,12.0,0.0,0.338,0.37,-0.032,45.5,21
701474,"Davitt, Duncan",132,41,12.2,4.9,0.424,0.392,0.032,46.9,21
661395,"Duran, Jhoan",99,23,47.8,8.7,0.178,0.204,-0.026,20.0,21
656546,"Hoffman, Jeff",72,18,22.2,38.9,0.327,0.435,-0.108,33.3,21
669165,"Hurt, Kyle",44,13,23.1,0.0,0.138,0.24,-0.102,20.0,21
642232,"Yarbrough, Ryan",117,28,32.1,3.6,0.359,0.37,-0.011,38.9,21
694494,"Johnson, Ty",106,24,37.5,4.2,0.24,0.21,0.03,14.3,21
702273,"Schultz, Noah",117,33,27.3,3.0,0.252,0.294,-0.042,65.2,21
670950,"Richards, Trevor",203,55,18.2,7.3,0.338,0.385,-0.047,41.5,21
660825,"Bazardo, Eduard",116,27,37.0,18.5,0.337,0.38,-0.043,58.3,21
680899,"Tolman, Erik",132,31,35.5,19.4,0.356,0.332,0.024,42.9,21
669062,"Miller, Erik",80,23,13.0,21.7,0.378,0.26,0.118,26.7,21
685464,"Winquest, Cade",109,25,28.0,16.0,0.309,0.251,0.058,30.8,21
621242,"Díaz, Edwin",113,23,52.2,4.3,0.07,0.099,-0.029,0.0,21
596133,"Weaver, Luke",81,19,42.1,10.5,0.339,0.221,0.118,22.2,21
681911,"Vesia, Alex",89,20,50.0,10.0,0.07,0.117,-0.047,0.0,21
686934,"McFarlane, Alex",129,30,33.3,6.7,0.383,0.225,0.158,33.3,21
665622,"Medina, Luis",95,25,24.0,20.0,0.248,0.332,-0.084,35.7,21
667652,"Ralston, Jack",117,29,20.7,17.2,0.434,0.377,0.057,41.2,21
641329,"Baker, Bryan",67,17,11.8,11.8,0.356,0.237,0.119,23.1,21
622491,"Castillo, Luis",49,17,5.9,11.8,0.529,0.389,0.14,42.9,21
676604,"Zuber, Tyler",55,15,13.3,0.0,0.48,0.34,0.14,30.8,21
672841,"Vargas, Carlos",93,28,14.3,17.9,0.364,0.415,-0.051,15.8,21
808963,"Sasaki, Roki",79,19,52.6,0.0,0.189,0.148,0.041,22.2,21
800311,"Fuentes, Didier",102,21,23.8,4.8,0.419,0.415,0.004,53.3,21
676534,"Faucher, Calvin",110,28,28.6,17.9,0.318,0.322,-0.004,33.3,21
681870,"Sabrowski, Erik",66,16,56.2,18.8,0.188,0.19,-0.002,25.0,21
673540,"Senga, Kodai",60,14,28.6,35.7,0.429,0.408,0.021,40.0,21
676395,"Garcia, Robert",98,26,0.0,7.7,0.331,0.374,-0.043,29.2,21
676428,"Hurter, Brant",99,27,18.5,11.1,0.219,0.304,-0.085,36.8,21
702193,"Morris, Andrew",118,28,32.1,10.7,0.346,0.322,0.024,68.8,21
677865,"Bruihl, Justin",95,27,3.7,7.4,0.192,0.514,-0.322,25.0,21
656848,"Petersen, Michael",126,28,28.6,10.7,0.296,0.319,-0.023,56.2,21
622088,"Antone, Tejay",71,22,22.7,13.6,0.259,0.244,0.015,21.4,21
683769,"Gaddis, Hunter",92,25,24.0,8.0,0.524,0.392,0.132,29.4,21
642397,"Soto, Gregory",95,21,33.3,4.8,0.221,0.181,0.04,15.4,21
605242,"Fulmer, Michael",82,17,41.2,11.8,0.359,0.27,0.089,62.5,21
681320,"Lavender, Nate",76,18,33.3,0.0,0.111,0.186,-0.075,41.7,21
621074,"Rucker, Michael",84,19,36.8,21.1,0.195,0.251,-0.056,0.0,21
676510,"Hoffman, Nolan",85,30,33.3,13.3,0.327,0.298,0.029,43.8,21
820862,"Fermin, José",54,15,6.7,13.3,0.69,0.553,0.137,41.7,21
595014,"Treinen, Blake",71,17,11.8,17.6,0.368,0.374,-0.006,41.7,21
671922,"Smith, Cade",82,20,45.0,10.0,0.115,0.161,-0.046,11.1,21
663558,"Morán, Jovani",62,15,46.7,13.3,0.5,0.389,0.111,33.3,21
656240,"Blewett, Scott",127,36,25.0,0.0,0.432,0.307,0.125,37.0,21
680723,"Rom, Drew",102,31,3.2,0.0,0.215,0.277,-0.062,30.0,21
670167,"Schreiber, John",61,20,5.0,0.0,0.52,0.251,0.269,47.4,21
682608,"Gray, Peyton",26,9,44.4,22.2,0.256,0.346,-0.09,100.0,21
642048,"Saucedo, Tayler",63,14,35.7,42.9,0.323,0.338,-0.015,0.0,21
694795,"Ekness, Josh",107,24,37.5,4.2,0.07,0.074,-0.004,15.4,21
695378,"Sinclair, Jack",102,31,16.1,9.7,0.253,0.304,-0.051,34.8,21
691587,"Pérez, Eury",226,60,28.3,8.3,0.245,0.278,-0.033,42.1,21
573204,"Thielbar, Caleb",55,18,11.1,0.0,0.281,0.307,-0.026,12.5,21
682120,"Herrin, Tim",87,19,15.8,10.5,0.395,0.414,-0.019,28.6,21
623211,"Brazobán, Huascar",70,17,11.8,0.0,0.147,0.279,-0.132,33.3,21
690986,"Harrison, Kyle",124,35,20.0,17.1,0.463,0.395,0.068,52.4,21
666661,"Morillo, Juan",81,25,28.0,8.0,0.308,0.215,0.093,31.2,21
676620,"Weiman, Blake",84,20,25.0,0.0,0.468,0.356,0.112,53.8,21
681892,"Funderburk, Kody",44,12,33.3,0.0,0.45,0.198,0.252,50.0,21
675848,"Mejia, Juan",75,22,18.2,0.0,0.302,0.314,-0.012,44.4,21
684974,"Yoho, Craig",32,8,25.0,25.0,0.6,0.462,0.138,25.0,21
666171,"Zeferjahn, Ryan",59,14,28.6,0.0,0.208,0.189,0.019,11.1,21
806188,"Gibson, Cade",54,13,30.8,0.0,0.512,0.153,0.359,33.3,21
670280,"Bednar, David",62,15,13.3,13.3,0.177,0.195,-0.018,54.5,21
694037,"Palencia, Daniel",53,16,31.2,6.2,0.044,0.165,-0.121,30.0,21
693308,"Frasso, Nick",82,22,18.2,4.5,0.13,0.228,-0.098,35.3,21
641941,"Pagán, Emilio",49,16,25.0,6.2,0.293,0.28,0.013,50.0,21
805123,"Blubaugh, AJ",94,25,12.0,20.0,0.392,0.417,-0.025,17.6,21
656638,"Lange, Alex",89,22,27.3,18.2,0.573,0.435,0.138,58.3,21
684665,"Murphy, Luke",84,22,18.2,4.5,0.416,0.217,0.199,23.5,21
689225,"Brieske, Beau",134,42,26.2,4.8,0.368,0.331,0.037,48.3,21
676263,"Dreyer, Jack",113,29,27.6,3.4,0.179,0.296,-0.117,30.0,21
592779,"Stewart, Brock",47,14,35.7,7.1,0.229,0.21,0.019,50.0,21
680767,"Vodnik, Victor",78,22,31.8,9.1,0.145,0.191,-0.046,30.8,21
621345,"Minter, A.J.",62,22,18.2,0.0,0.37,0.366,0.004,44.4,21
641755,"Kinley, Tyler",46,15,6.7,0.0,0.193,0.307,-0.114,28.6,21
673380,"Núñez, Dedniel",43,15,46.7,0.0,0.0,0.171,-0.171,25.0,21
592155,"Booser, Cam",41,12,33.3,0.0,0.075,0.168,-0.093,12.5,21
656464,"Ginkel, Kevin",90,22,31.8,4.5,0.393,0.269,0.124,42.9,21
693313,"Seymour, Carson",64,19,26.3,0.0,0.153,0.238,-0.085,64.3,21
687330,"Kelly, Kevin",31,10,20.0,0.0,0.18,0.247,-0.067,37.5,21
621237,"Alvarado, José",76,18,11.1,22.2,0.429,0.388,0.041,54.5,21
641835,"Mayza, Tim",75,18,5.6,16.7,0.517,0.444,0.073,57.1,21
805673,"Matthews, Zebby",100,23,39.1,0.0,0.391,0.251,0.14,50.0,21
669358,"Baz, Shane",93,27,7.4,11.1,0.227,0.37,-0.143,22.7,21
687792,"Herz, DJ",193,51,15.7,7.8,0.497,0.499,-0.002,56.4,21
672456,"Montero, Keider",58,14,35.7,7.1,0.114,0.14,-0.026,12.5,21
694918,"Tidwell, Blade",57,13,30.8,0.0,0.292,0.172,0.12,22.2,21
691384,"Perales, Luis",47,13,15.4,15.4,0.677,0.404,0.273,66.7,21
689981,"Ryan, River",121,30,30.0,16.7,0.442,0.363,0.079,43.8,21
702056,"Yesavage, Trey",70,16,37.5,6.2,0.373,0.261,0.112,37.5,21
689149,"Dallas, Chad",67,17,41.2,11.8,0.306,0.289,0.017,37.5,21
680686,"Gray, Josiah",58,15,13.3,6.7,0.25,0.237,0.013,25.0,21
663941,"Beck, Tristan",66,19,15.8,0.0,0.255,0.29,-0.035,18.8,21
573124,"Rogers, Taylor",81,21,28.6,4.8,0.239,0.166,0.073,27.3,21
701519,"Adams, Travis",70,16,43.8,6.2,0.212,0.298,-0.086,62.5,21
656529,"Hentges, Sam",91,24,33.3,8.3,0.431,0.298,0.133,28.6,21
666974,"Cano, Yennier",42,10,30.0,20.0,0.23,0.308,-0.078,40.0,21
670329,"Garcia, Rico",45,11,27.3,9.1,0.259,0.238,0.021,14.3,21
805427,"Sommers, Drew",51,14,64.3,7.1,0.257,0.172,0.085,100.0,21
805345,"Harris, Trent",77,21,9.5,0.0,0.395,0.359,0.036,36.8,21
676454,"Cellucci, Brendan",91,25,32.0,8.0,0.162,0.265,-0.103,28.6,21
689254,"Fluharty, Mason",54,12,0.0,16.7,0.192,0.297,-0.105,40.0,21
643511,"Rogers, Tyler",48,14,14.3,0.0,0.4,0.413,-0.013,33.3,21
692064,"Rodríguez, José",68,16,31.2,0.0,0.191,0.264,-0.073,27.3,21
671345,"Foley, Jason",88,22,9.1,9.1,0.325,0.367,-0.042,50.0,21
608379,"Wacha, Michael",204,52,17.3,9.6,0.393,0.361,0.032,47.4,21
686613,"Brown, Hunter",198,45,31.1,13.3,0.259,0.278,-0.019,36.0,21
650911,"Sánchez, Cristopher",198,52,30.8,1.9,0.263,0.275,-0.012,57.1,21
645261,"Alcantara, Sandy",129,38,13.2,2.6,0.335,0.187,0.148,35.5,21
663623,"Irvin, Jake",198,44,31.8,4.5,0.368,0.338,0.03,42.9,21
665152,"Kremer, Dean",244,68,23.5,5.9,0.171,0.186,-0.015,29.2,21
687273,"Mathews, Quinn",177,50,20.0,8.0,0.344,0.349,-0.005,51.4,21
804636,"Tong, Jonah",182,43,32.6,14.0,0.273,0.274,-0.001,52.2,21
663776,"Sandoval, Patrick",302,76,21.1,6.6,0.332,0.276,0.056,25.5,21
686218,"Sheehan, Emmet",93,18,50.0,5.6,0.089,0.15,-0.061,25.0,21
696270,"Johnson, Ryan",181,49,18.4,8.2,0.354,0.275,0.079,22.9,21
621111,"Buehler, Walker",162,42,21.4,9.5,0.29,0.306,-0.016,44.8,21
668909,"Williams, Gavin",163,42,31.0,11.9,0.304,0.334,-0.03,43.5,21
807739,"Anderson, Kade",143,39,28.2,2.6,0.197,0.27,-0.073,44.4,21
687064,"Young, Brandon",166,41,34.1,14.6,0.254,0.262,-0.008,42.1,21
656849,"Peterson, David",174,41,31.7,7.3,0.21,0.278,-0.068,28.0,21
675512,"Melton, Troy",83,19,21.1,21.1,0.374,0.39,-0.016,63.6,21
701542,"Warren, Will",137,36,30.6,8.3,0.328,0.278,0.05,36.4,21
594798,"deGrom, Jacob",171,46,15.2,17.4,0.407,0.341,0.066,38.7,21
678022,"Perkins, Jack",174,44,29.5,6.8,0.322,0.314,0.008,28.6,21
527048,"Pérez, Martín",79,21,9.5,9.5,0.376,0.249,0.127,5.9,21
683363,"Wilkinson, Matt",113,29,27.6,3.4,0.21,0.146,0.064,15.0,21
643377,"Jax, Griffin",126,29,20.7,6.9,0.203,0.254,-0.051,23.8,21
608372,"Sugano, Tomoyuki",162,42,23.8,4.8,0.236,0.285,-0.049,43.3,21
663436,"Martin, Davis",95,25,28.0,16.0,0.364,0.352,0.012,57.1,21
669203,"Burnes, Corbin",66,15,13.3,13.3,0.613,0.584,0.029,45.5,21
686730,"Spiers, Carson",108,31,22.6,0.0,0.381,0.462,-0.081,45.8,21
663372,"Feltner, Ryan",125,30,13.3,13.3,0.285,0.277,0.008,22.7,21
695076,"Lowder, Rhett",139,40,12.5,12.5,0.316,0.381,-0.065,26.7,21
680744,"Madden, Ty",145,38,23.7,2.6,0.161,0.19,-0.029,25.0,21
693686,"Miles, Spencer",74,18,33.3,5.6,0.308,0.342,-0.034,54.5,21
669387,"Mlodzinski, Carmen",94,24,25.0,16.7,0.365,0.3,0.065,42.9,21
694819,"Misiorowski, Jacob",180,48,29.2,8.3,0.152,0.293,-0.141,40.0,21
681293,"Arrighetti, Spencer",43,11,18.2,18.2,0.391,0.398,-0.007,42.9,21
671111,"Peralta, Sammy",175,47,6.4,8.5,0.431,0.356,0.075,40.0,21
815083,"Farris, Mitch",119,32,18.8,12.5,0.33,0.286,0.044,31.8,21
671936,"Macko, Adam",34,10,20.0,10.0,0.285,0.36,-0.075,57.1,21
700363,"Smith-Shawver, AJ",107,25,40.0,4.0,0.304,0.377,-0.073,50.0,21
687134,"Blalock, Bradley",86,22,27.3,9.1,0.377,0.396,-0.019,50.0,21
696062,"Dotel, Wilber",110,32,15.6,6.2,0.342,0.311,0.031,40.0,21
641927,"Ober, Bailey",117,36,22.2,2.8,0.394,0.371,0.023,55.6,21
670990,"Ramírez, Yohan",92,21,38.1,14.3,0.186,0.22,-0.034,30.0,21
702021,"Dion, Will",146,34,23.5,11.8,0.284,0.271,0.013,31.8,21
671162,"Thomas, Connor",133,37,16.2,5.4,0.227,0.254,-0.027,41.4,21
663878,"Pearson, Nate",94,25,12.0,32.0,0.498,0.443,0.055,28.6,21
837227,"Imai, Tatsuya",44,12,50.0,0.0,0.0,0.08,-0.08,0.0,21
664199,"Clarke, Taylor",85,20,10.0,5.0,0.575,0.412,0.163,64.7,21
681810,"Warren, Austin",104,24,12.5,12.5,0.248,0.423,-0.175,52.9,21
668941,"Romero, JoJo",76,19,31.6,0.0,0.095,0.145,-0.05,23.1,21
642528,"Loáisiga, Jonathan",66,19,5.3,5.3,0.228,0.266,-0.038,18.8,21
663947,"Holton, Tyler",23,5,0.0,40.0,0.46,0.426,0.034,33.3,21
665660,"Alvarado, Elvis",112,25,40.0,4.0,0.225,0.193,0.032,15.4,21
687911,"King, Bryan",105,25,32.0,12.0,0.444,0.318,0.126,28.6,21
669199,"Bachar, Lake",125,28,46.4,3.6,0.204,0.133,0.071,28.6,21
642376,"Yan, Jefry",100,25,24.0,16.0,0.408,0.362,0.046,46.7,21
682825,"Mey, Luis",104,27,29.6,14.8,0.256,0.216,0.04,26.7,21
664991,"Wolfram, Grant",45,13,23.1,7.7,0.358,0.291,0.067,55.6,21
656945,"Scott, Tanner",63,14,42.9,7.1,0.139,0.223,-0.084,42.9,21
642585,"Bautista, Félix",37,10,30.0,10.0,0.575,0.376,0.199,66.7,21
696146,"Smith, Hagen",89,19,36.8,21.1,0.261,0.22,0.041,25.0,21
676742,"Sanders, Cam",37,7,71.4,14.3,0.1,0.163,-0.063,0.0,21
668933,"Ashcraft, Graham",57,16,18.8,18.8,0.244,0.345,-0.101,60.0,21
669084,"Hall, DL",132,34,23.5,14.7,0.138,0.378,-0.24,42.9,21
678061,"Kerr, Ray",49,15,6.7,6.7,0.3,0.4,-0.1,30.8,21
687396,"Headrick, Brent",51,15,26.7,20.0,0.453,0.381,0.072,50.0,21
623474,"Herget, Jimmy",65,16,25.0,6.2,0.394,0.305,0.089,36.4,21
694477,"Patrick, Chad",113,28,10.7,32.1,0.482,0.509,-0.027,56.2,21
686973,"Varland, Louis",27,7,28.6,14.3,0.229,0.372,-0.143,50.0,21
669194,"Nelson, Ryne",72,18,33.3,0.0,0.35,0.237,0.113,50.0,21
672442,"Cruz, Yovanny",55,16,25.0,12.5,0.381,0.424,-0.043,50.0,21
661563,"Gil, Luis",79,18,16.7,27.8,0.244,0.339,-0.095,30.0,21
663767,"Shugart, Chase",68,18,22.2,11.1,0.297,0.326,-0.029,25.0,21
811315,"Hopkins, Brody",81,19,31.6,26.3,0.232,0.28,-0.048,12.5,21
571927,"Matz, Steven",84,22,31.8,4.5,0.302,0.298,0.004,42.9,21
663460,"Bubic, Kris",52,15,20.0,6.7,0.287,0.223,0.064,36.4,21
674073,"Weisenburger, Jack",33,8,37.5,12.5,0.2,0.192,0.008,0.0,21
689266,"Dodd, Dylan",59,16,37.5,6.2,0.281,0.229,0.052,33.3,21
641302,"Alexander, Tyler",131,32,9.4,12.5,0.385,0.398,-0.013,45.8,21
679885,"Martinez, Justin",85,20,25.0,40.0,0.28,0.302,-0.022,14.3,21
681916,"Smith, Dylan",68,19,21.1,15.8,0.205,0.342,-0.137,25.0,21
703725,"Gastelum, Luis",71,15,26.7,6.7,0.227,0.182,0.045,10.0,21
594027,"Guerrero, Tyron",34,7,71.4,14.3,0.1,0.135,-0.035,0.0,21
622554,"Domínguez, Seranthony",70,16,31.2,0.0,0.169,0.117,0.052,36.4,21
805299,"Garcia, Brandyn",86,23,26.1,13.0,0.287,0.263,0.024,7.1,21
662253,"Muñoz, Andrés",28,6,33.3,16.7,0.6,0.254,0.346,66.7,21
622608,"Senzatela, Antonio",59,15,13.3,6.7,0.25,0.348,-0.098,33.3,21
642121,"Sulser, Cole",91,21,28.6,9.5,0.285,0.231,0.054,38.5,21
682254,"Montgomery, Mason",126,28,42.9,10.7,0.268,0.192,0.076,61.5,21
606996,"Hart, Kyle",38,9,22.2,44.4,0.45,0.452,-0.002,33.3,21
656730,"Megill, Trevor",49,15,26.7,0.0,0.203,0.172,0.031,54.5,21
681217,"Silseth, Chase",87,25,36.0,12.0,0.552,0.383,0.169,38.5,21
607067,"Rea, Colin",61,18,11.1,0.0,0.05,0.108,-0.058,31.2,21
657612,"Hill, Tim",26,9,0.0,0.0,0.3,0.189,0.111,22.2,21
699134,"Rodriguez, Bradgley",90,21,33.3,9.5,0.212,0.239,-0.027,33.3,21
695243,"Miller, Mason",92,26,38.5,11.5,0.337,0.322,0.015,30.8,21
682989,"Mederos, Victor",66,15,33.3,20.0,0.14,0.169,-0.029,14.3,21
621016,"Cuas, Jose",80,19,21.1,15.8,0.253,0.367,-0.114,41.7,21
543238,"Gose, Anthony",87,20,25.0,5.0,0.333,0.324,0.009,42.9,21
623149,"Sewald, Paul",81,17,11.8,5.9,0.2,0.157,0.043,15.4,21
688107,"Gasser, Robert",194,46,23.9,10.9,0.193,0.336,-0.143,40.0,21
657746,"Ryan, Joe",202,50,26.0,14.0,0.325,0.312,0.013,33.3,21
669432,"Rogers, Trevor",154,44,31.8,2.3,0.211,0.249,-0.038,37.9,21
693645,"Schlittler, Cam",168,39,28.2,12.8,0.253,0.242,0.011,21.7,21
680732,"Burke, Sean",187,47,25.5,10.6,0.285,0.281,0.004,40.0,21
642547,"Peralta, Freddy",190,45,22.2,11.1,0.25,0.276,-0.026,20.0,21
805074,"Marte, Yunior",166,44,13.6,9.1,0.449,0.453,-0.004,52.9,21
695549,"Jobe, Jackson",182,45,37.8,6.7,0.247,0.232,0.015,48.0,21
676440,"Bibee, Tanner",189,50,16.0,4.0,0.441,0.342,0.099,40.0,21
702070,"Cameron, Noah",195,54,16.7,11.1,0.467,0.387,0.08,38.5,21
678394,"Bello, Brayan",151,44,29.5,2.3,0.245,0.218,0.027,33.3,21
674841,"Alvarez, Andrew",193,46,32.6,8.7,0.366,0.318,0.048,44.4,21
666157,"Lodolo, Nick",182,53,7.5,13.2,0.367,0.404,-0.037,35.7,21
696149,"Chandler, Bubba",167,38,21.1,15.8,0.461,0.347,0.114,50.0,21
682243,"Miller, Bryce",181,48,27.1,8.3,0.311,0.297,0.014,25.8,21
700241,"McGreevy, Michael",180,44,6.8,6.8,0.403,0.38,0.023,44.7,21
656550,"Holmes, Grant",141,41,12.2,7.3,0.363,0.424,-0.061,60.6,21
669373,"Skubal, Tarik",161,48,27.1,4.2,0.299,0.255,0.044,24.2,21
691725,"Painter, Andrew",179,45,33.3,8.9,0.306,0.268,0.038,34.6,21
672282,"Detmers, Reid",167,43,27.9,4.7,0.271,0.306,-0.035,34.5,21
667755,"Soriano, José",128,39,25.6,7.7,0.437,0.348,0.089,46.2,21
669713,"Wesneski, Hayden",161,48,16.7,8.3,0.272,0.313,-0.041,33.3,21
681035,"Scott, Christian",79,21,33.3,4.8,0.324,0.306,0.018,46.2,21
663554,"Mize, Casey",145,40,7.5,20.0,0.575,0.423,0.152,46.4,21
571510,"Boyd, Matthew",161,46,15.2,8.7,0.225,0.316,-0.091,37.1,21
500779,"Quintana, Jose",130,31,16.1,6.5,0.403,0.442,-0.039,47.8,21
694297,"Pfaadt, Brandon",171,49,20.4,6.1,0.289,0.317,-0.028,27.8,21
682052,"Lopez, Jacob",157,40,12.5,5.0,0.431,0.351,0.08,36.4,21
656756,"Montgomery, Jordan",167,42,21.4,2.4,0.127,0.226,-0.099,25.8,21
689147,"Kerkering, Orion",54,16,25.0,18.8,0.594,0.455,0.139,22.2,21
681190,"Vásquez, Randy",172,50,12.0,0.0,0.162,0.314,-0.152,31.8,21
700669,"Graceffo, Gordon",81,20,25.0,10.0,0.403,0.423,-0.02,54.5,21
621097,"Waguespack, Jacob",95,24,37.5,12.5,0.281,0.25,0.031,33.3,21
670245,"Watson, Ryan",40,10,50.0,10.0,0.34,0.303,0.037,0.0,21
670036,"Festa, Matt",64,13,0.0,15.4,0.331,0.491,-0.16,18.2,21
688297,"Roycroft, Chris",166,39,23.1,28.2,0.474,0.409,0.065,42.1,21
802408,"Mautz, Brycen",71,16,25.0,12.5,0.2,0.277,-0.077,20.0,21
666808,"Doval, Camilo",85,22,40.9,9.1,0.268,0.25,0.018,36.4,21
669276,"Lee, Dylan",49,12,16.7,8.3,0.312,0.317,-0.005,55.6,21
669270,"Kuhnel, Joel",80,21,23.8,14.3,0.331,0.303,0.028,30.8,21
572955,"Johnson, Pierce",72,16,31.2,6.2,0.234,0.257,-0.023,40.0,21
672335,"Pérez, Cionel",109,21,23.8,19.0,0.262,0.33,-0.068,50.0,21
672782,"Gómez, Yoendrys",75,16,25.0,18.8,0.344,0.325,0.019,33.3,21
621112,"Blackburn, Paul",59,16,18.8,6.2,0.347,0.256,0.091,33.3,21
691799,"Taylor, Grant",75,20,20.0,10.0,0.205,0.268,-0.063,35.7,21
663992,"Lovelady, Richard",71,18,11.1,22.2,0.525,0.405,0.12,8.3,21
548384,"Raley, Brooks",33,8,0.0,25.0,0.625,0.506,0.119,50.0,21
668964,"Myers, Tobias",67,17,17.6,17.6,0.266,0.211,0.055,18.2,21
673513,"Matsui, Yuki",75,16,25.0,12.5,0.256,0.246,0.01,50.0,21
670970,"Morejon, Adrian",63,19,36.8,21.1,0.242,0.267,-0.025,50.0,21
676477,"Whitlock, Garrett",51,12,8.3,16.7,0.417,0.363,0.054,11.1,21
681867,"Criswell, Cooper",80,24,4.2,25.0,0.392,0.398,-0.006,41.2,21
657514,"Bernardino, Brennan",61,19,31.6,10.5,0.335,0.292,0.043,36.4,21
677944,"Cecconi, Slade",23,9,22.2,0.0,0.0,0.211,-0.211,42.9,21
674444,"Cruz, Steven",32,9,33.3,0.0,0.422,0.392,0.03,50.0,21
685112,"McCambley, Zach",90,23,34.8,8.7,0.226,0.31,-0.084,46.2,21
666277,"Soriano, George",33,7,42.9,14.3,0.1,0.193,-0.093,33.3,21
664129,"Hartlieb, Geoff",129,37,24.3,13.5,0.357,0.321,0.036,52.2,21
650556,"Abreu, Bryan",52,14,21.4,7.1,0.386,0.296,0.09,30.0,21
678020,"Halvorsen, Seth",31,9,33.3,11.1,0.317,0.285,0.032,60.0,21
628452,"Iglesias, Raisel",48,13,53.8,0.0,0.069,0.133,-0.064,33.3,21
676879,"Ashby, Aaron",98,22,22.7,4.5,0.205,0.273,-0.068,31.2,21
688158,"Morgan, David",86,23,26.1,13.0,0.291,0.344,-0.053,46.2,21
695380,"Hoppe, Alex",34,9,33.3,22.2,0.256,0.432,-0.176,75.0,21
691769,"Abner, Philip",39,11,18.2,18.2,1.018,0.693,0.325,71.4,21
702752,"Pintaro, Jonathan",28,6,0.0,33.3,0.71,0.412,0.298,0.0,21
642100,"Speier, Gabe",50,13,38.5,0.0,0.331,0.28,0.051,50.0,21
682842,"Uribe, Abner",56,16,37.5,0.0,0.247,0.225,0.022,50.0,21
656641,"Latz, Jacob",65,17,41.2,0.0,0.25,0.318,-0.068,66.7,21
623465,"Phillips, Evan",63,16,56.2,0.0,0.078,0.163,-0.085,14.3,21
685126,"Eisert, Brandon",57,17,11.8,11.8,0.417,0.456,-0.039,38.5,21
690829,"Joyce, Ben",27,7,42.9,0.0,0.414,0.276,0.138,25.0,21
592773,"Stanek, Ryne",35,10,10.0,20.0,0.14,0.323,-0.183,28.6,21
593958,"Rodriguez, Eduardo",195,52,15.4,7.7,0.366,0.322,0.044,30.0,21
607192,"Glasnow, Tyler",190,47,44.7,8.5,0.21,0.202,0.008,27.3,21
624133,"Suarez, Ranger",184,43,23.3,14.0,0.265,0.254,0.011,37.0,21
641816,"Mahle, Tyler",189,44,20.5,6.8,0.298,0.253,0.045,29.0,21
605280,"Holmes, Clay",176,43,16.3,18.6,0.33,0.276,0.054,28.6,21
687312,"Hughes, Gabriel",95,20,30.0,5.0,0.35,0.379,-0.029,61.5,21
687570,"Prielipp, Connor",170,47,23.4,8.5,0.182,0.25,-0.068,37.5,21
680570,"Rodriguez, Grayson",195,51,11.8,11.8,0.362,0.394,-0.032,38.5,21
543037,"Cole, Gerrit",195,45,31.1,6.7,0.249,0.266,-0.017,29.6,21
694973,"Skenes, Paul",185,47,31.9,6.4,0.302,0.297,0.005,48.3,21
804267,"Thornton, Zac",170,44,18.2,6.8,0.306,0.299,0.007,39.4,21
663567,"Lambert, Peter",231,55,25.5,5.5,0.389,0.296,0.093,31.6,21
693855,"Seymour, Ian",149,43,18.6,7.0,0.274,0.309,-0.035,31.2,21
693433,"Woo, Bryan",192,53,20.8,9.4,0.401,0.357,0.044,52.8,21
702885,"Perdomo, Cesar",160,43,7.0,7.0,0.347,0.327,0.02,35.1,21
676282,"Cantillo, Joey",161,38,23.7,7.9,0.15,0.195,-0.045,30.8,21
686930,"Barnett, Mason",167,44,27.3,13.6,0.378,0.315,0.063,53.8,21
601713,"Pivetta, Nick",163,40,27.5,7.5,0.269,0.31,-0.041,42.3,21
677958,"Rocker, Kumar",155,37,16.2,8.1,0.244,0.245,-0.001,42.3,21
689818,"Sandlin, David",159,41,26.8,2.4,0.35,0.333,0.017,37.9,21
656302,"Cease, Dylan",74,17,17.6,35.3,0.479,0.474,0.005,12.5,21
687309,"Hjerpe, Cooper",149,32,18.8,15.6,0.272,0.287,-0.015,19.0,21
677976,"Dobnak, Randy",116,32,6.2,15.6,0.56,0.441,0.119,48.0,21
676917,"Cavalli, Cade",73,19,31.6,0.0,0.189,0.233,-0.044,46.2,21
700249,"Povich, Cade",71,18,16.7,11.1,0.389,0.335,0.054,23.1,21
668678,"Gallen, Zac",75,17,11.8,11.8,0.282,0.231,0.051,23.1,21
695505,"Burns, Chase",67,15,26.7,13.3,0.407,0.35,0.057,44.4,21
664353,"Urquidy, José",114,33,27.3,0.0,0.321,0.284,0.037,45.8,21
681517,"Leahy, Kyle",98,26,15.4,11.5,0.44,0.391,0.049,47.4,21
687924,"Aguiar, Julian",54,14,14.3,7.1,0.307,0.251,0.056,36.4,21
663969,"Phillips, Tyler",123,31,16.1,16.1,0.258,0.319,-0.061,33.3,21
592866,"Williams, Trevor",93,24,33.3,4.2,0.225,0.277,-0.052,40.0,21
621383,"Banks, Tanner",83,21,14.3,14.3,0.271,0.311,-0.04,40.0,21
808825,"Sears, Andrew",78,19,10.5,31.6,0.629,0.513,0.116,63.6,21
665871,"Assad, Javier",71,18,22.2,5.6,0.253,0.221,0.032,8.3,21
690978,"Fulton, Dax",72,20,25.0,5.0,0.503,0.411,0.092,50.0,21
660853,"De Los Santos, Enyel",30,8,37.5,0.0,0.406,0.476,-0.07,40.0,21
668984,"Legumina, Casey",95,26,19.2,0.0,0.285,0.306,-0.021,47.6,21
695418,"Lord, Brad",77,19,31.6,15.8,0.224,0.282,-0.058,40.0,21
682982,"Espino, Daniel",57,13,30.8,23.1,0.315,0.288,0.027,33.3,21
669711,"Weissert, Greg",51,14,14.3,14.3,0.204,0.195,0.009,11.1,21
663893,"Little, Brendon",46,14,28.6,14.3,0.315,0.174,0.141,28.6,21
656794,"Newcomb, Sean",105,23,34.8,17.4,0.341,0.38,-0.039,63.6,21
675660,"Drohan, Shane",112,29,27.6,10.3,0.178,0.224,-0.046,38.9,21
663855,"Hicks, Jordan",86,15,40.0,20.0,0.26,0.231,0.029,0.0,21
667297,"Nance, Tommy",34,9,22.2,22.2,0.356,0.444,-0.088,40.0,21
680755,"Fisher, Braydon",42,10,10.0,40.0,0.37,0.479,-0.109,40.0,21
573009,"Mantiply, Joe",21,5,20.0,0.0,0.43,0.468,-0.038,25.0,21
801725,"De León, Luis",33,9,11.1,0.0,0.3,0.181,0.119,25.0,21
677020,"Walker, Josh",59,13,23.1,30.8,0.354,0.342,0.012,33.3,21
681544,"Olds, Wyatt",74,14,14.3,42.9,0.3,0.321,-0.021,0.0,21
815081,"Manfredi, Mark",98,28,14.3,3.6,0.27,0.291,-0.021,47.8,21
689296,"Nunez, Anthony",43,13,15.4,0.0,0.331,0.371,-0.04,45.5,21
663542,"Hudson, Bryan",69,21,4.8,4.8,0.62,0.481,0.139,36.8,21
702047,"Cook, Alex",26,7,42.9,0.0,0.129,0.048,0.081,0.0,21
668674,"Erceg, Lucas",80,21,14.3,14.3,0.288,0.206,0.082,20.0,21
657097,"Webb, Jacob",63,16,37.5,6.2,0.156,0.217,-0.061,22.2,21
605447,"Romano, Jordan",65,19,31.6,10.5,0.453,0.287,0.166,45.5,21
445276,"Jansen, Kenley",32,9,33.3,0.0,0.0,0.168,-0.168,66.7,21
552640,"Kittredge, Andrew",21,6,33.3,0.0,0.15,0.157,-0.007,50.0,21
677955,"Hill, Jaden",60,17,29.4,0.0,0.106,0.233,-0.127,50.0,21
543243,"Gray, Sonny",180,47,19.1,8.5,0.227,0.309,-0.082,32.4,21
663903,"Singer, Brady",159,42,2.4,19.0,0.567,0.605,-0.038,54.5,21
700712,"Ureña, Walbert",172,45,24.4,4.4,0.291,0.223,0.068,21.9,21
664285,"Valdez, Framber",177,45,31.1,15.6,0.293,0.292,0.001,41.7,21
607200,"Fedde, Erick",153,34,23.5,14.7,0.325,0.382,-0.057,52.4,21
685299,"Gordon, Tanner",182,45,8.9,13.3,0.677,0.506,0.171,45.7,21
690997,"McLean, Nolan",164,52,19.2,7.7,0.241,0.238,0.003,28.9,21
605400,"Nola, Aaron",190,54,22.2,7.4,0.322,0.353,-0.031,39.5,21
607625,"Lugo, Seth",148,42,19.0,7.1,0.493,0.352,0.141,45.2,21
674003,"Bradford, Cody",187,47,12.8,2.1,0.353,0.323,0.03,35.0,21
814490,"Pecko, Ethan",190,54,18.5,3.7,0.189,0.205,-0.016,31.0,21
605488,"Springs, Jeffrey",150,36,19.4,13.9,0.428,0.372,0.056,33.3,21
689017,"Knack, Landon",61,15,13.3,0.0,0.287,0.244,0.043,38.5,21
694753,"Curtis, Khristian",132,30,16.7,13.3,0.285,0.244,0.041,25.0,21
668831,"Stallings, Garrett",42,11,54.5,9.1,0.177,0.166,0.011,25.0,21
814305,"Tur, Yunior",87,22,18.2,18.2,0.489,0.42,0.069,42.9,21
680742,"Bowlan, Jonathan",21,3,66.7,33.3,0.233,0.233,0.0,0,21
623352,"Hader, Josh",58,12,0.0,33.3,0.383,0.398,-0.015,37.5,21
453286,"Scherzer, Max",321,77,27.3,6.5,0.271,0.282,-0.011,28.0,21
804926,"Peterson, Austin",148,38,26.3,10.5,0.332,0.453,-0.121,58.3,21
666129,"Garrett, Braxton",140,42,9.5,19.0,0.305,0.349,-0.044,33.3,21
656557,"Houck, Tanner",100,26,7.7,0.0,0.446,0.468,-0.022,50.0,21
669947,"Scholtens, Jesse",100,26,23.1,7.7,0.458,0.32,0.138,55.6,21
676272,"Miller, Bobby",84,18,55.6,22.2,0.256,0.181,0.075,0.0,21
694680,"Martin, Trevor",72,14,14.3,14.3,0.536,0.36,0.176,40.0,21
699008,"Kelly, Antwone",93,28,25.0,14.3,0.418,0.399,0.019,41.2,21
694820,"Roxby, Braxton",84,21,4.8,19.0,0.219,0.316,-0.097,25.0,21
571948,"Milner, Hoby",68,20,25.0,0.0,0.25,0.189,0.061,26.7,21
700187,"Taylor, Troy",71,20,10.0,15.0,0.457,0.312,0.145,26.7,21
656427,"Flaherty, Jack",38,14,14.3,0.0,0.129,0.23,-0.101,16.7,21
655889,"Rodríguez, Manuel",58,15,20.0,40.0,0.423,0.379,0.044,16.7,21
684516,"Rincon, Hancel",32,6,66.7,0.0,0.0,0.088,-0.088,0.0,21
622694,"Hernández, Elieser",28,6,66.7,0.0,0.0,0.046,-0.046,0.0,21
434378,"Verlander, Justin",91,20,30.0,5.0,0.37,0.294,0.076,30.8,21
605483,"Snell, Blake",77,16,18.8,0.0,0.325,0.232,0.093,15.4,21
804619,"Klein, John",66,16,31.2,12.5,0.3,0.303,-0.003,33.3,21
608718,"Suter, Brent",58,13,30.8,0.0,0.069,0.258,-0.189,44.4,21
703615,"Cabrera, Jose",40,10,20.0,10.0,0.775,0.438,0.337,71.4,21
813349,"Early, Connelly",34,10,10.0,0.0,0.09,0.174,-0.084,11.1,21
642701,"Santana, Dennis",59,18,5.6,11.1,0.508,0.418,0.09,46.7,21
669854,"Blanco, Ronel",30,7,42.9,14.3,0.1,0.181,-0.081,0.0,21
489446,"Yates, Kirby",42,9,22.2,0.0,0.3,0.25,0.05,57.1,21
702352,"Bivens, Spencer",55,12,33.3,16.7,0.267,0.308,-0.041,16.7,21
683175,"Phillips, Connor",44,12,8.3,25.0,0.354,0.324,0.03,37.5,21
676661,"Lazar, Max",28,10,30.0,0.0,0.485,0.135,0.35,14.3,21
642207,"Williams, Devin",31,6,16.7,0.0,0.0,0.17,-0.17,40.0,21
681895,"Sisk, Evan",42,11,18.2,18.2,0.405,0.38,0.025,42.9,21
542888,"Armstrong, Shawn",31,8,12.5,0.0,0.113,0.431,-0.318,42.9,21
663158,"Suarez, Robert",21,9,0.0,0.0,0.456,0.291,0.165,33.3,21
694341,"Beck, Brendan",97,24,33.3,12.5,0.419,0.354,0.065,38.5,21
699151,"Paez, Jedixson",77,18,27.8,0.0,0.15,0.231,-0.081,38.5,21
663795,"Hagenman, Justin",70,17,11.8,5.9,0.371,0.34,0.031,35.7,21
687562,"Bennett, Jake",65,14,7.1,7.1,0.243,0.279,-0.036,25.0,21
544150,"Suárez, Albert",58,15,33.3,0.0,0.18,0.152,0.028,30.0,21
660787,"De los Santos, Yerry",43,10,20.0,0.0,0.58,0.541,0.039,62.5,21
686560,"Collyer, Gavin",34,8,12.5,0.0,0.362,0.453,-0.091,28.6,21
529017,"Cornielle, Alexander",34,7,28.6,14.3,0.693,0.602,0.091,50.0,21
670103,"Burgos, Raymond",61,13,30.8,0.0,0.0,0.166,-0.166,44.4,21
592094,"Adam, Jason",32,8,0.0,37.5,0.262,0.507,-0.245,60.0,21
669060,"Wilson, Bryse",25,6,16.7,0.0,0.817,0.78,0.037,80.0,21
681973,"Hendrickson, Josh",35,9,33.3,0.0,0.2,0.219,-0.019,66.7,21
690440,"Hanner, Bradley",30,8,0.0,0.0,0.269,0.286,-0.017,37.5,21
663765,"Woodford, Jake",28,8,25.0,12.5,0.65,0.443,0.207,40.0,21
592332,"Gausman, Kevin",101,23,30.4,4.3,0.343,0.343,0.0,57.1,21
671096,"Abbott, Andrew",100,28,21.4,3.6,0.341,0.273,0.068,38.1,21
519242,"Sale, Chris",97,22,45.5,4.5,0.274,0.164,0.11,30.0,21
669923,"Kirby, George",96,23,21.7,13.0,0.42,0.308,0.112,46.7,21
694346,"Gibson, Trey",92,24,29.2,8.3,0.217,0.239,-0.022,26.7,21
605135,"Bassitt, Chris",90,22,9.1,4.5,0.382,0.334,0.048,47.4,21
808967,"Yamamoto, Yoshinobu",88,26,15.4,7.7,0.304,0.263,0.041,25.0,21
701656,"Henderson, Logan",87,22,13.6,13.6,0.291,0.246,0.045,18.8,21
669438,"Englert, Mason",86,22,27.3,4.5,0.657,0.445,0.212,53.3,21
592662,"Ray, Robbie",84,17,11.8,5.9,0.412,0.349,0.063,14.3,21
669310,"Van Eyk, CJ",84,20,10.0,5.0,0.305,0.445,-0.14,41.2,21
656492,"Griffin, Foster",83,28,25.0,0.0,0.354,0.335,0.019,28.6,21
687473,"Gusto, Ryan",83,23,21.7,8.7,0.326,0.358,-0.032,43.8,21
669461,"Liberatore, Matthew",81,22,27.3,0.0,0.327,0.34,-0.013,56.2,21
690279,"Adams, Mason",80,23,30.4,0.0,0.265,0.25,0.015,60.0,21
518876,"Kelly, Merrill",78,21,9.5,4.8,0.221,0.305,-0.084,22.2,21
