team,pa_vs_lhp,xwoba_vs_lhp,bb_pct_vs_lhp,hard_hit_vs_lhp,off_score_vs_lhp,pa_vs_rhp,xwoba_vs_rhp,bb_pct_vs_rhp,hard_hit_vs_rhp,off_score_vs_rhp
ARI,2092,0.3248,9.23,37.93,0.3234,5316,0.3083,9.46,37.13,0.3142
ATH,2438,0.3004,8.45,39.24,0.3096,4974,0.3137,10.03,37.58,0.3183
ATL,2426,0.3013,7.83,38.44,0.3087,4826,0.3224,8.47,40.83,0.3227
BAL,2244,0.3197,10.07,42.11,0.3244,5128,0.3234,10.94,42.07,0.3277
BOS,2185,0.3234,10.02,36.44,0.3229,5234,0.305,9.63,35.75,0.3118
CHC,2069,0.3224,11.7,37.69,0.3256,5744,0.3226,11.51,39.05,0.3263
CIN,1895,0.3151,10.08,38.6,0.3198,5489,0.3149,9.95,39.07,0.3197
CLE,2399,0.2932,10.34,34.56,0.3056,4979,0.3066,9.68,34.83,0.3122
COL,2507,0.2886,7.82,33.79,0.2989,4836,0.3176,9.53,37.09,0.3194
CWS,2209,0.3287,11.54,41.28,0.331,5169,0.3122,10.56,39.43,0.3194
DET,2174,0.3198,10.67,39.96,0.324,5252,0.3199,10.19,38.66,0.3226
HOU,1780,0.3093,9.21,35.13,0.3131,5659,0.3145,9.45,38.18,0.3182
KCR,2262,0.3007,8.05,39.92,0.3096,5029,0.3253,9.62,42.17,0.3268
LAA,2076,0.3039,9.59,37.1,0.3119,5270,0.3021,10.02,37.79,0.312
LAD,2335,0.3398,10.28,38.62,0.3336,5275,0.3437,11.13,40.88,0.3384
MIA,2032,0.2967,10.09,34.17,0.3069,5279,0.3146,10.4,39.18,0.3203
MIL,2333,0.3084,10.46,37.14,0.3157,5341,0.3297,10.93,41.55,0.3308
MIN,2298,0.3088,10.49,36.58,0.3157,5094,0.3164,9.38,38.29,0.3192
NYM,2189,0.3225,9.18,40.42,0.3235,5107,0.3225,9.22,42.36,0.3247
NYY,2274,0.3136,9.23,38.58,0.3176,4923,0.3185,10.16,42.95,0.3243
PHI,2240,0.316,9.96,37.02,0.3191,5175,0.3185,8.89,40.73,0.3211
PIT,2425,0.3034,9.32,37.49,0.3115,5173,0.3237,10.81,39.92,0.3264
SDP,1909,0.3119,8.8,40.11,0.3169,5437,0.3213,10.3,40.3,0.3245
SEA,2520,0.3068,10.67,35.68,0.3143,4772,0.3224,10.25,39.63,0.3246
SFG,2210,0.2932,7.24,36.88,0.3024,5152,0.3189,8.31,37.47,0.3185
STL,2233,0.325,10.03,39.51,0.3256,5104,0.3153,9.5,41.8,0.3209
TBR,2372,0.2873,8.35,31.75,0.2978,4985,0.3132,9.37,35.85,0.316
TEX,2182,0.3071,9.49,39.08,0.3147,5056,0.3069,9.41,40.44,0.3153
TOR,2146,0.2947,9.18,31.91,0.3031,5100,0.2989,7.78,34.7,0.305
WSH,2212,0.318,10.04,38.19,0.321,5233,0.3258,9.46,39.78,0.3254
