team,pa,xwoba,woba,hard_hit,barrel_pct,avg_ev,bb_pct,k_pct,off_score,wrc_plus
CHC,6339,0.338,0.338,0.0,0.0,0.0,10.59,21.11,0.3418,110
LAD,6131,0.337,0.337,0.0,0.0,0.0,10.1,20.39,0.3399,113
MIL,6229,0.33,0.33,0.0,0.0,0.0,10.63,21.93,0.3338,108
WSH,6128,0.327,0.327,0.0,0.0,0.0,8.99,21.74,0.3279,106
PIT,6182,0.325,0.325,0.0,0.0,0.0,9.12,24.05,0.3261,105
COL,6098,0.324,0.324,0.0,0.0,0.0,8.12,22.83,0.3233,95
CWS,6112,0.321,0.321,0.0,0.0,0.0,9.55,24.2,0.3229,102
MIA,6056,0.321,0.321,0.0,0.0,0.0,9.07,21.86,0.322,102
HOU,6029,0.321,0.321,0.0,0.0,0.0,8.59,21.91,0.3212,101
TBR,6022,0.321,0.321,0.0,0.0,0.0,8.45,18.73,0.3209,103
DET,6102,0.318,0.318,0.0,0.0,0.0,9.52,22.71,0.3198,100
ATH,6057,0.319,0.319,0.0,0.0,0.0,8.5,22.42,0.319,101
NYY,5997,0.317,0.317,0.0,0.0,0.0,9.54,24.68,0.3189,95
ARI,6070,0.317,0.317,0.0,0.0,0.0,8.8,19.42,0.3175,99
BAL,6079,0.315,0.315,0.0,0.0,0.0,9.64,24.97,0.3171,98
SDP,5986,0.316,0.316,0.0,0.0,0.0,9.09,21.63,0.3171,102
BOS,6078,0.317,0.317,0.0,0.0,0.0,8.46,21.7,0.3169,95
MIN,6054,0.317,0.317,0.0,0.0,0.0,8.26,21.21,0.3166,98
KCR,6011,0.316,0.316,0.0,0.0,0.0,8.45,20.93,0.3159,99
TEX,5971,0.314,0.314,0.0,0.0,0.0,8.76,22.99,0.3145,96
ATL,5976,0.315,0.315,0.0,0.0,0.0,7.68,21.6,0.3135,98
PHI,6001,0.311,0.311,0.0,0.0,0.0,8.67,21.75,0.3113,95
NYM,6034,0.311,0.311,0.0,0.0,0.0,8.62,22.27,0.3112,95
CIN,5976,0.309,0.309,0.0,0.0,0.0,9.2,25.52,0.3103,91
SFG,5990,0.311,0.311,0.0,0.0,0.0,7.45,21.97,0.3091,98
CLE,6037,0.307,0.307,0.0,0.0,0.0,9.43,20.9,0.3087,93
SEA,6005,0.307,0.307,0.0,0.0,0.0,9.11,23.06,0.3081,93
STL,6074,0.308,0.308,0.0,0.0,0.0,8.31,21.12,0.3077,93
TOR,5978,0.306,0.306,0.0,0.0,0.0,7.58,18.99,0.3043,91
LAA,6011,0.303,0.303,0.0,0.0,0.0,8.35,25.44,0.3027,90
